Accounts,On/Off,Wine,Date,Address,Lat,Lon
Main (The),on,Foo Bar Yeet it up,10/19,"100 E. Main Street, Norfolk, VA 23510",36.8464518,-76.2921155
Main (The),on,RISE,10/19,"100 E. Main Street, Norfolk, VA 23510",36.8464518,-76.2921155
Town Duck,off,Foothills,2/20,"100 Main St, Warrenton, VA 20186",38.7122701,-77.7930779
Town Duck,off,Rosé,2/20,"100 Main St, Warrenton, VA 20186",38.7122701,-77.7930779
Jefferson Hotel,on,Foothills,2/20,"101 W Franklin St, Richmond, VA 23220",37.5442364,-77.4454155
Jefferson Hotel,on,Eluvium,2/20,"101 W Franklin St, Richmond, VA 23220",37.5442364,-77.4454155
Jefferson Hotel,on,Foothills,12/19,"101 W Franklin St, Richmond, VA 23220",37.5442364,-77.4454155
Jefferson Hotel,on,Foothills,12/19,"101 W Franklin St, Richmond, VA 23220",37.5442364,-77.4454155
Jefferson Hotel,on,Foothills,12/19,"101 W Franklin St, Richmond, VA 23220",37.5442364,-77.4454155
Jefferson Hotel,on,Foothills,12/19,"101 W Franklin St, Richmond, VA 23220",37.5442364,-77.4454155
Hamilton's,on,Petit Manseng,3/20,"101 W Main St, Charlottesville, VA 22902",38.030928,-78.4815455
Screwtop,on/off,Rosé,5/20,"1025 Fillmore St. N, Arlington, VA 22201",38.8859072,-77.0926894
Screwtop,on/off,Rosé,5/20,"1025 Fillmore St. N, Arlington, VA 22201",38.8859072,-77.0926894
Screwtop,on/off,Foothills,3/20,"1025 Fillmore St. N, Arlington, VA 22201",38.8859072,-77.0926894
Screwtop,on/off,Rosé,3/20,"1025 Fillmore St. N, Arlington, VA 22201",38.8859072,-77.0926894
Screwtop,on/off,Foothills,3/20,"1025 Fillmore St. N, Arlington, VA 22201",38.8859072,-77.0926894
Screwtop,on/off,Rosé,12/19,"1025 Fillmore St. N, Arlington, VA 22201",38.8859072,-77.0926894
One Eared Stag,on,Eluvium,3/20,"1029 Edgewood Ave NE, Atlanta, GA 30374",33.7572073,-84.3541197
One Eared Stag,On,Petit Manseng,1/20,"1029 Edgewood Ave NE, Atlanta, GA 30374",33.7572073,-84.3541197
USA Wine Imports:Zap Wines & Spirits,off,Foothills,4/20,"105 Court Street, Brooklyn, NY 11201",40.6724091,-73.9833358
Zap Wines & Spirits,off,Young Wine Chambourcin,2/20,"105 Court Street, Brooklyn, NY 11201",40.6907763,-73.9915424
"Shack, The",on,Foothills,3/20,"105 S. Coalter St., Staunton, VA 24401",38.148151,-79.0681357
"Shack, The",on,Chardonnay,2/20,"105 S. Coalter St., Staunton, VA 24401",38.148151,-79.0681357
"Shack, The",on,Five Forks,1/20,"105 S. Coalter St., Staunton, VA 24401",38.148151,-79.0681357
South Street Brewery,on,Chardonnay,3/20,"106 South St., Charlottesville, VA 22902",38.029338,-78.482687
South Street Brewery,on,Foothills,2/20,"106 South St., Charlottesville, VA 22902",38.029338,-78.482687
Sorso Wine Boutique,on/off,RISE,2/20,"1069 Bedford Ave, Brooklyn, NY 11216",40.6874318,-73.954402
Sorso Wine Boutique,on/off,RISE,2/20,"1069 Bedford Ave, Brooklyn, NY 11216",40.6874318,-73.954402
USA Wine Imports:Sorso Wine Boutique,off,Rosé,4/20,"1069 Bedford Avenue, Brooklyn, NY 11216",40.6724091,-73.9833358
Dominion Wine and Beer,on/off,Rosé,3/20,"107 Rowell Ct., Falls Church, VA 22046",38.8897048,-77.183834
Dominion Wine and Beer,on/off,Chardonnay,2/20,"107 Rowell Ct., Falls Church, VA 22046",38.8897048,-77.183834
Dominion Wine and Beer,on/off,Petit Manseng,2/20,"107 Rowell Ct., Falls Church, VA 22046",38.8897048,-77.183834
Dominion Wine and Beer,on/off,Foothills,12/19,"107 Rowell Ct., Falls Church, VA 22046",38.8897048,-77.183834
Dominion Wine and Beer,on/off,Foothills,5/20,"107 Rowell Ct., Falls Church, VA 22046-3126",38.8897048,-77.183834
Dominion Wine and Beer,on/off,Rosé,5/20,"107 Rowell Ct., Falls Church, VA 22046-3126",38.8897048,-77.183834
Dominion Wine and Beer,on/off,Chardonnay,4/20,"107 Rowell Ct., Falls Church, VA 22046-3126",38.8897048,-77.183834
Dominion Wine and Beer,on/off,Petit Manseng,4/20,"107 Rowell Ct., Falls Church, VA 22046-3126",38.8897048,-77.183834
Dominion Wine and Beer,on/off,Rosé,4/20,"107 Rowell Ct., Falls Church, VA 22046-3126",38.8897048,-77.183834
Home.Made,On,Eluvium,1/20,"1072 Baxter Street, Athens, GA 30606",33.9476529,-83.3980925
Home.Made,On,Petit Manseng,1/20,"1072 Baxter Street, Athens, GA 30606",33.9476529,-83.3980925
Alley Light,on,Shenandoah Valley Cabernet Franc,2/20,"108 2nd St. SW, Charlottesville, VA 22902",38.0305995,-78.482276
Alley Light,on,Shenandoah Valley Cabernet Franc,2/20,"108 2nd St. SW, Charlottesville, VA 22902",38.0305995,-78.482276
Alley Light,on,Shenandoah Valley Cabernet Franc,1/20,"108 2nd St. SW, Charlottesville, VA 22902",38.0305995,-78.482276
Alley Light,on,Shenandoah Valley Cabernet Franc,12/19,"108 2nd St. SW, Charlottesville, VA 22902",38.0305995,-78.482276
Alley Light,on,RISE,11/19,"108 2nd St. SW, Charlottesville, VA 22902",38.0305995,-78.482276
Caboose,on/off,Foothills,3/20,"108 S. Railroad Ave., Ashland, VA 23005",37.758286,-77.4816338
Caboose,on/off,Foothills,1/20,"108 S. Railroad Ave., Ashland, VA 23005",37.758286,-77.4816338
Caboose,on/off,Chardonnay,12/19,"108 S. Railroad Ave., Ashland, VA 23005",37.758286,-77.4816338
Caboose,on/off,Foothills,12/19,"108 S. Railroad Ave., Ashland, VA 23005",37.758286,-77.4816338
Momofuku DC,on,Young Wine Chambourcin,3/20,"1090 I St. NW, Washington, DC 20001",38.9007039,-77.0268751
Momofuku DC,on,Rosé,2/20,"1090 I St. NW, Washington, DC 20001",38.9007039,-77.0268751
Momofuku DC,on,Eluvium,2/20,"1090 I St. NW, Washington, DC 20001",38.9007039,-77.0268751
Bloom,on,Petit Manseng,3/20,"1109 Main St. SW, Roanoke, VA 24015",37.264562,-79.958762
Whole Foods - Short Pump,on/off,Foothills,3/20,"11173 West Broad St., Richmond, VA 23060",37.6475665,-77.5997292
Whole Foods - Short Pump,on/off,Rosé,2/20,"11173 West Broad St., Richmond, VA 23060",37.6475665,-77.5997292
Whole Foods - Short Pump,on/off,Foothills,1/20,"11173 West Broad St., Richmond, VA 23060",37.6475665,-77.5997292
Whole Foods - Short Pump,on/off,Foothills,12/19,"11173 West Broad St., Richmond, VA 23060",37.6475665,-77.5997292
Vermillion,on,Foothills,3/20,"1120 King St, Alexandria, VA 22314",38.8055661,-77.0522637
Vermillion,on,Foothills,2/20,"1120 King St, Alexandria, VA 22314",38.8055661,-77.0522637
Essex Pearl,on,Petit Manseng,3/20,"115 Delancey Street, Manhattan, NY 10002",40.7182566,-73.9881462
Essex Pearl,on,Five Forks,2/20,"115 Delancey Street, Manhattan, NY 10002",40.7182566,-73.9881462
Essex Pearl,on,Five Forks,1/20,"115 Delancey Street, Manhattan, NY 10002",40.7671347,-73.986653
Zynodoa,on,Petit Manseng,2/20,"115 E Beverly St, Staunton, VA 24401",38.149814,-79.0709713
Zynodoa,on,Eluvium,2/20,"115 E Beverly St, Staunton, VA 24401",38.149814,-79.0709713
Zynodoa,on,Eluvium,12/19,"115 E Beverly St, Staunton, VA 24401",38.149814,-79.0709713
Zynodoa,on,Foothills,12/19,"115 E Beverly St, Staunton, VA 24401",38.149814,-79.0709713
Zynodoa,on,Rosé,12/19,"115 E Beverly St, Staunton, VA 24401",38.149814,-79.0709713
Zynodoa,on,Rosé,12/19,"115 E Beverly St, Staunton, VA 24401",38.149814,-79.0709713
Ten Sushi,on,Foothills,3/20,"120B East Main St, Charlottesville, VA 22902",38.0303542,-78.4810329
DeVine,off,Shenandoah Valley Cabernet Franc,3/20,"121 Blue Ridge Dr, Wintergreen, VA 22958",37.8848619,-78.8994672
DeVine,off,Petit Manseng,3/20,"121 Blue Ridge Dr, Wintergreen, VA 22958",37.8848619,-78.8994672
Dabney,on,Eluvium,3/20,"122 Blagden Alley NW, Washington, DC 20009",38.9062837,-77.0246047
Dabney,on,Eluvium,2/20,"122 Blagden Alley NW, Washington, DC 20009",38.9062837,-77.0246047
Dabney,on,Eluvium,1/20,"122 Blagden Alley NW, Washington, DC 20009",38.9062837,-77.0246047
Dabney,on,Eluvium,1/20,"122 Blagden Alley NW, Washington, DC 20009",38.9062837,-77.0246047
Dabney,on,Eluvium,12/19,"122 Blagden Alley NW, Washington, DC 20009",38.9062837,-77.0246047
Dabney,on,Eluvium,12/19,"122 Blagden Alley NW, Washington, DC 20009",38.9062837,-77.0246047
La Fromagerie,on/off,Shenandoah Valley Cabernet Franc,3/20,"1222 King St, Alexandria, VA 22314",38.805648,-77.053429
La Fromagerie,on/off,Petit Manseng,2/20,"1222 King St, Alexandria, VA 22314",38.805648,-77.053429
La Fromagerie,on/off,Rosé,5/20,"1222 King St, Alexandria, VA 22314-2927",38.805648,-77.053429
La Fromagerie,on/off,Pétillant Naturel White,5/20,"1222 King St, Alexandria, VA 22314-2927",38.805648,-77.053429
La Fromagerie,on/off,Eluvium,5/20,"1222 King St, Alexandria, VA 22314-2927",38.805648,-77.053429
La Fromagerie,on/off,Quaker Run Chardonnay,5/20,"1222 King St, Alexandria, VA 22314-2927",38.805648,-77.053429
La Fromagerie,on/off,Pétillant Naturel White,5/20,"1222 King St, Alexandria, VA 22314-2927",38.805648,-77.053429
La Fromagerie,on/off,Rosé,5/20,"1222 King St, Alexandria, VA 22314-2927",38.805648,-77.053429
Saint Anselm,on,Shenandoah Valley Cabernet Franc,1/20,"1250 5th St. NE, Washington, DC 20002",38.9077745,-76.9990918
Clifton Inn,on,RISE,1/20,"1296 Clifton Inn Dr, Charlottesville, VA 22911",38.007264,-78.397257
Clifton Inn,on,RISE,9/19,"1296 Clifton Inn Dr, Charlottesville, VA 22911",38.007264,-78.397257
Inn at Warm Springs,on,Rosé,3/20,"12968 Sam Snead Hwy, Warm Springs, VA 24484",38.0534747,-79.7791928
Roanoke Natural Foods Co-op,off,Foothills,3/20,"1319 Grandin Rd SW, Roanoke, VA 24015",37.2652232,-79.9776246
Roanoke Natural Foods Co-op,off,Eluvium,1/20,"1319 Grandin Rd SW, Roanoke, VA 24015",37.2652232,-79.9776246
Roanoke Natural Foods Co-op,off,Eluvium,12/19,"1319 Grandin Rd SW, Roanoke, VA 24015",37.2652232,-79.9776246
Roanoke Natural Foods Co-op,off,Foothills,5/20,"1319 Grandin Rd SW, Roanoke, VA 24015-231",37.2652232,-79.9776246
Vintage Cellar,off,Eluvium,5/20,"1338 South Main St., Blacksburg, VA 24060",37.215963,-80.402101
Vintage Cellar,off,Foothills,5/20,"1338 South Main St., Blacksburg, VA 24060",37.215963,-80.402101
Vintage Cellar,off,Foothills,2/20,"1338 South Main St., Blacksburg, VA 24060",37.215963,-80.402101
Chain Bridge Cellars,off,Foothills,5/20,"1351 Chain Bridge Rd, McLean, VA 22101",38.9385421,-77.1746454
Norm's Beer & Wine,off,Rosé,5/20,"136 Branch Rd SE, Vienna, VA 22180",38.9062317,-77.257151
Norm's Beer & Wine,off,Eluvium,3/20,"136 Branch Rd SE, Vienna, VA 22180",38.9062317,-77.257151
Norm's Beer & Wine,off,Shenandoah Valley Cabernet Franc,12/19,"136 Branch Rd SE, Vienna, VA 22180",38.9062317,-77.257151
Norm's Beer & Wine,off,Quaker Run Chardonnay,12/19,"136 Branch Rd SE, Vienna, VA 22180",38.9062317,-77.257151
Norm's Beer & Wine,off,Chardonnay,12/19,"136 Branch Rd SE, Vienna, VA 22180",38.9062317,-77.257151
Norm's Beer & Wine,off,Shenandoah Valley Cabernet Franc,12/19,"136 Branch Rd SE, Vienna, VA 22180",38.9062317,-77.257151
Norm's Beer & Wine,off,Chardonnay,12/19,"136 Branch Rd SE, Vienna, VA 22180",38.9062317,-77.257151
Norm's Beer & Wine,off,Foothills,12/19,"136 Branch Rd SE, Vienna, VA 22180",38.9062317,-77.257151
Cellar d'Or,off,Shenandoah Valley Cabernet Franc,12/19,"136 E State St, Ithaca, NY 14850",42.4397353,-76.4977365
Salisbury Country Club,on,Pétillant Naturel White,5/20,"13620 W. Salisbury Rd, Midlothian, VA 23113",37.5278854,-77.6533788
Salisbury Country Club,on,Rosé,5/20,"13620 W. Salisbury Rd, Midlothian, VA 23113",37.5278854,-77.6533788
Salisbury Country Club,on,Petit Manseng,4/20,"13620 W. Salisbury Rd, Midlothian, VA 23113",37.5278854,-77.6533788
Salisbury Country Club,on,Foothills,4/20,"13620 W. Salisbury Rd, Midlothian, VA 23113",37.5278854,-77.6533788
Salisbury Country Club,on,Rosé,4/20,"13620 W. Salisbury Rd, Midlothian, VA 23113",37.5278854,-77.6533788
Salisbury Country Club,on,Shenandoah Valley Cabernet Franc,12/19,"13620 W. Salisbury Rd, Midlothian, VA 23113",37.5278854,-77.6533788
Salisbury Country Club,on,RISE,12/19,"13620 W. Salisbury Rd, Midlothian, VA 23113",37.5278854,-77.6533788
Brooklyn Wine Exchange,off,Five Forks,2/20,"138 Court Street, Brooklyn, NY 11201",40.6893227,-73.992801
Taste - Headquarters,on/off,Rosé,4/20,"1391 Air Rail Avenue, Virginia Beach, VA 23455",36.8929573,-76.1918905
Kings County Wines,off,Foothills,5/20,"1420 Cortelyou Rd, Brooklyn, NY 11226",40.6409745,-73.9644848
USA Wine Imports:Kings County Wines,off,Rosé,4/20,"1420 Cortelyou Road, Brooklyn, NY 11226",40.6724091,-73.9833358
Kings County Wines,off,Petit Manseng,1/20,"1420 Cortelyou Road, Brooklyn, NY 11226",40.6409745,-73.9644848
Friendly City Food Co-op,off,Foothills,5/20,"150 E Wolfe St, Harrisonburg, VA 22802",38.4516609,-78.8665291
Friendly City Food Co-op,off,Rosé,5/20,"150 E Wolfe St, Harrisonburg, VA 22802",38.4516609,-78.8665291
Friendly City Food Co-op,off,Rosé,4/20,"150 E Wolfe St, Harrisonburg, VA 22802",38.4516609,-78.8665291
Friendly City Food Co-op,off,Petit Manseng,3/20,"150 E Wolfe St, Harrisonburg, VA 22802",38.4516609,-78.8665291
Friendly City Food Co-op,off,Foothills,3/20,"150 E Wolfe St, Harrisonburg, VA 22802",38.4516609,-78.8665291
Friendly City Food Co-op,off,Foothills,2/20,"150 E Wolfe St, Harrisonburg, VA 22802",38.4516609,-78.8665291
Friendly City Food Co-op,off,Foothills,2/20,"150 E Wolfe St, Harrisonburg, VA 22802",38.4516609,-78.8665291
Friendly City Food Co-op,off,Foothills,2/20,"150 E Wolfe St, Harrisonburg, VA 22802",38.4516609,-78.8665291
Friendly City Food Co-op,off,Foothills,2/20,"150 E Wolfe St, Harrisonburg, VA 22802",38.4516609,-78.8665291
Friendly City Food Co-op,off,Rosé,2/20,"150 E Wolfe St, Harrisonburg, VA 22802",38.4516609,-78.8665291
Friendly City Food Co-op,off,Foothills,1/20,"150 E Wolfe St, Harrisonburg, VA 22802",38.4516609,-78.8665291
Friendly City Food Co-op,off,Rosé,12/19,"150 E Wolfe St, Harrisonburg, VA 22802",38.4516609,-78.8665291
Friendly City Food Co-op,off,RISE,10/19,"150 E Wolfe St, Harrisonburg, VA 22802",38.4516609,-78.8665291
Clementine Cafe,on,Eluvium,3/20,"153 S Main St, Harrisonburg, VA 22801",38.4478062,-78.8692932
Clementine Cafe,on,Chardonnay,2/20,"153 S Main St, Harrisonburg, VA 22801",38.4478062,-78.8692932
Beer Run,on/off,Shenandoah Valley Cabernet Franc,2/20,"156 Carlton Rd Ste 203, Charlottesville, VA 22902",38.0246361,-78.468401
Beer Run,on/off,Young Wine Chambourcin,12/19,"156 Carlton Rd Ste 203, Charlottesville, VA 22902",38.0246361,-78.468401
Unwined Belle View,off,Rosé,5/20,"1600 Belle View Blvd., Alexandria, VA 22307",38.7761672,-77.0597746
Unwined Belle View,off,Pétillant Naturel White,5/20,"1600 Belle View Blvd., Alexandria, VA 22307",38.7761672,-77.0597746
Unwined Belle View,off,Rosé,5/20,"1600 Belle View Blvd., Alexandria, VA 22307",38.7761672,-77.0597746
Unwined Belle View,off,Shenandoah Valley Cabernet Franc,5/20,"1600 Belle View Blvd., Alexandria, VA 22307",38.7761672,-77.0597746
Unwined Belle View,off,Rosé,4/20,"1600 Belle View Blvd., Alexandria, VA 22307",38.7761672,-77.0597746
Unwined Belle View,off,Rosé,4/20,"1600 Belle View Blvd., Alexandria, VA 22307",38.7761672,-77.0597746
Unwined Belle View,off,Petit Manseng,3/20,"1600 Belle View Blvd., Alexandria, VA 22307",38.7761672,-77.0597746
Unwined Belle View,off,Eluvium,3/20,"1600 Belle View Blvd., Alexandria, VA 22307",38.7761672,-77.0597746
Unwined Belle View,off,Foothills,3/20,"1600 Belle View Blvd., Alexandria, VA 22307",38.7761672,-77.0597746
Unwined Belle View,off,Foothills,3/20,"1600 Belle View Blvd., Alexandria, VA 22307",38.7761672,-77.0597746
Unwined Belle View,off,Eluvium,2/20,"1600 Belle View Blvd., Alexandria, VA 22307",38.7761672,-77.0597746
Unwined Belle View,off,Foothills,2/20,"1600 Belle View Blvd., Alexandria, VA 22307",38.7761672,-77.0597746
Unwined Belle View,off,Pétillant Naturel Red,1/20,"1600 Belle View Blvd., Alexandria, VA 22307",38.7761672,-77.0597746
Unwined Belle View,off,Rosé,1/20,"1600 Belle View Blvd., Alexandria, VA 22307",38.7761672,-77.0597746
Unwined Belle View,off,Eluvium,12/19,"1600 Belle View Blvd., Alexandria, VA 22307",38.7761672,-77.0597746
Unwined Belle View,off,Chardonnay,12/19,"1600 Belle View Blvd., Alexandria, VA 22307",38.7761672,-77.0597746
"W2 Wines, LLC",off,Shenandoah Valley Cabernet Franc,4/20,"16031 Hillsboro Road, Purcellville, VA 20132",39.173889,-77.725546
"W2 Wines, LLC",off,Petit Manseng,4/20,"16031 Hillsboro Road, Purcellville, VA 20132",39.173889,-77.725546
"W2 Wines, LLC",off,Rosé,4/20,"16031 Hillsboro Road, Purcellville, VA 20132",39.173889,-77.725546
"W2 Wines, LLC",off,Shenandoah Valley Cabernet Franc,4/20,"16031 Hillsboro Road, Purcellville, VA 20132",39.173889,-77.725546
"W2 Wines, LLC",off,Petit Manseng,4/20,"16031 Hillsboro Road, Purcellville, VA 20132",39.173889,-77.725546
Mount Airy Winegrowers LLC,off,Pétillant Naturel White,5/20,"1609 Lee Highway, Fort Defiance, VA 24437",38.2353215,-78.976582
Cairo Wine & Liquor,off,Rosé,4/20,"1618 17th St NW, Washington, DC 20009",38.9117809,-77.0387481
Farmington Country Club,on,RISE,11/19,"1625 Country Club Circle, Charlottesville, VA 22901",38.0616369,-78.5419503
Whole Foods - Boro Tysons,on/off,Rosé,5/20,"1635 Boro Place, McLean, VA 22102",38.9246153,-77.2335301
Whole Foods - Boro Tysons,on/off,Foothills,4/20,"1635 Boro Place, McLean, VA 22102",38.9246153,-77.2335301
Whole Foods - Boro Tysons,on/off,Rosé,4/20,"1635 Boro Place, McLean, VA 22102",38.9246153,-77.2335301
Whole Foods - Boro Tysons,on/off,Five Forks,3/20,"1635 Boro Place, McLean, VA 22102",38.9246153,-77.2335301
Whole Foods - Boro Tysons,on/off,Rosé,2/20,"1635 Boro Place, McLean, VA 22102",38.9246153,-77.2335301
Whole Foods - Boro Tysons,on/off,Foothills,1/20,"1635 Boro Place, McLean, VA 22102",38.9246153,-77.2335301
Whole Foods - Boro Tysons,on/off,Five Forks,12/19,"1635 Boro Place, McLean, VA 22102",38.9246153,-77.2335301
Whole Foods - Old Town,on/off,Rosé,3/20,"1700 Duke Street, Alexandria, VA 22314",38.8041416,-77.0600615
Vinosity,off,Foothills,2/20,"174 E Davis St,, Charlottesville, VA 22732",38.0293059,-78.4766781
Vinosity,off,Foothills,2/20,"174 E Davis St,, Charlottesville, VA 22732",38.0293059,-78.4766781
A Rake's Progress,on,Shenandoah Valley Cabernet Franc,12/19,"1771 Euclid St NW, Washington, DC 20009",38.9230696,-77.0413986
A Rake's Progress,on,Shenandoah Valley Cabernet Franc,1/20,"1772 Euclid St NW, Washington, DC 20009",38.9231037,-77.0419263
A Rake's Progress,on,Shenandoah Valley Cabernet Franc,2/20,"1773 Euclid St NW, Washington, DC 20009",38.9230686,-77.0414415
67 Liquor Shop,off,Rosé,5/20,"179 Columbus Ave, New York, NY 10023",40.7746082,-73.9805925
Whole Foods - Charlottesville,on/off,Foothills,5/20,"1797 Hydraulic Road, Charlottesville, VA 22901",38.059773,-78.4891351
Whole Foods - Charlottesville,on/off,Foothills,5/20,"1797 Hydraulic Road, Charlottesville, VA 22901",38.059773,-78.4891351
Whole Foods - Charlottesville,on/off,Rosé,5/20,"1797 Hydraulic Road, Charlottesville, VA 22901",38.059773,-78.4891351
Whole Foods - Charlottesville,on/off,Rosé,4/20,"1797 Hydraulic Road, Charlottesville, VA 22901",38.059773,-78.4891351
Whole Foods - Charlottesville,on/off,Foothills,4/20,"1797 Hydraulic Road, Charlottesville, VA 22901",38.059773,-78.4891351
Whole Foods - Charlottesville,on/off,Rosé,4/20,"1797 Hydraulic Road, Charlottesville, VA 22901",38.059773,-78.4891351
Whole Foods - Charlottesville,on/off,Foothills,4/20,"1797 Hydraulic Road, Charlottesville, VA 22901",38.059773,-78.4891351
Whole Foods - Charlottesville,on/off,Rosé,4/20,"1797 Hydraulic Road, Charlottesville, VA 22901",38.059773,-78.4891351
Whole Foods - Charlottesville,on/off,Foothills,3/20,"1797 Hydraulic Road, Charlottesville, VA 22901",38.059773,-78.4891351
Lucky,on,Quaker Run Chardonnay,3/20,"18 Kirk Ave SW, Roanoke, VA 24011",37.2709987,-79.9414035
Lucky,on,RISE,2/20,"18 Kirk Ave SW, Roanoke, VA 24011",37.2709987,-79.9414035
Whole Foods - Virginia Beach,on/off,Foothills,5/20,"1800 Laskin Road, Virginia Beach, VA 23454",36.8509319,-76.0281576
Whole Foods - Virginia Beach,on/off,Rosé,2/20,"1800 Laskin Road, Virginia Beach, VA 23454",36.8509319,-76.0281576
Founding Farmers - Tyson's Corner,on,Rosé,4/20,"1800 Tyson's Blvd., McLean, VA 22102",38.9488917,-77.3383807
Wine Warehouse,off,Shenandoah Valley Cabernet Franc,3/20,"1804 Hydraulic Rd, Charlottesville, VA 22902",38.0607943,-78.4914214
Wine Warehouse,off,Foothills,12/19,"1804 Hydraulic Rd, Charlottesville, VA 22902",38.0607943,-78.4914214
Wine Warehouse,off,Shenandoah Valley Cabernet Franc,12/19,"1804 Hydraulic Rd, Charlottesville, VA 22902",38.0607943,-78.4914214
Wine Warehouse,off,Five Forks,12/19,"1804 Hydraulic Rd, Charlottesville, VA 22902",38.0607943,-78.4914214
Wine Warehouse,off,Foothills,12/19,"1804 Hydraulic Rd, Charlottesville, VA 22902",38.0607943,-78.4914214
Wine Warehouse,off,RISE,12/19,"1804 Hydraulic Rd, Charlottesville, VA 22902",38.0607943,-78.4914214
Wine Warehouse,off,RISE,11/19,"1804 Hydraulic Rd, Charlottesville, VA 22902",38.0607943,-78.4914214
Back Bay's Farmhouse Brewing,on,Rosé,3/20,"1805 Kempsville Rd, Virginia Beach, VA 23464",36.7830652,-76.1893622
Red Hen-DC,on,Five Forks,2/20,"1822 1st St. NW, Washington, DC 20001",38.9149738,-77.0124095
Red Hen-DC,on,Eluvium,2/20,"1822 1st St. NW, Washington, DC 20001",38.9149738,-77.0124095
Red Hen-DC,on,Five Forks,1/20,"1822 1st St. NW, Washington, DC 20001",38.9149738,-77.0124095
Tail Up Goat,on,Rosé,2/20,"1827 Adams Mill Rd. NW, Washington, DC 20009",38.923447,-77.043176
Founding Farmers - Reston,on,Rosé,4/20,"1904 Reston Metro Plaza, Suite 100, Reston, VA 20190",38.9488917,-77.3383807
Rio Hill Wine & Beer,off,Eluvium,5/20,"1908 Rio Hill Center, Charlottesville, VA 22901",38.0877905,-78.4749043
Rio Hill Wine & Beer,off,Foothills,5/20,"1908 Rio Hill Center, Charlottesville, VA 22901",38.0877905,-78.4749043
Rio Hill Wine & Beer,off,Quaker Run Chardonnay,5/20,"1908 Rio Hill Center, Charlottesville, VA 22901",38.0877905,-78.4749043
Rio Hill Wine & Beer,off,Shenandoah Valley Cabernet Franc,5/20,"1908 Rio Hill Center, Charlottesville, VA 22901",38.0877905,-78.4749043
Rio Hill Wine & Beer,off,Chardonnay,5/20,"1908 Rio Hill Center, Charlottesville, VA 22901",38.0877905,-78.4749043
Rio Hill Wine & Beer,off,Eluvium,5/20,"1908 Rio Hill Center, Charlottesville, VA 22901",38.0877905,-78.4749043
Rio Hill Wine & Beer,off,Foothills,5/20,"1908 Rio Hill Center, Charlottesville, VA 22901",38.0877905,-78.4749043
Rio Hill Wine & Beer,off,Rosé,5/20,"1908 Rio Hill Center, Charlottesville, VA 22901",38.0877905,-78.4749043
Rio Hill Wine & Beer,off,Foothills,4/20,"1908 Rio Hill Center, Charlottesville, VA 22901",38.0877905,-78.4749043
Rio Hill Wine & Beer,off,Rosé,4/20,"1908 Rio Hill Center, Charlottesville, VA 22901",38.0877905,-78.4749043
Rio Hill Wine & Beer,off,Eluvium,3/20,"1908 Rio Hill Center, Charlottesville, VA 22901",38.0877905,-78.4749043
Rio Hill Wine & Beer,off,Chardonnay,3/20,"1908 Rio Hill Center, Charlottesville, VA 22901",38.0877905,-78.4749043
Rio Hill Wine & Beer,off,Petit Manseng,2/20,"1908 Rio Hill Center, Charlottesville, VA 22901",38.0877905,-78.4749043
Rio Hill Wine & Beer,off,Foothills,2/20,"1908 Rio Hill Center, Charlottesville, VA 22901",38.0877905,-78.4749043
Rio Hill Wine & Beer,off,Petit Manseng,1/20,"1908 Rio Hill Center, Charlottesville, VA 22901",38.0877905,-78.4749043
Magnolia's at the Mill,on,Rosé,12/19,"198 North 21st Street, Purcelville, VA 20132",39.1383297,-77.7156535
Whole Foods - Ashburn,on/off,Foothills,4/20,"19800 Belmont Chase Dr, Ashburn, VA 20147",39.0684834,-77.4843963
Whole Foods - Ashburn,on/off,Foothills,4/20,"19800 Belmont Chase Dr, Ashburn, VA 20147",39.0684834,-77.4843963
Whole Foods - Ashburn,on/off,Eluvium,2/20,"19800 Belmont Chase Dr, Ashburn, VA 20147",39.0684834,-77.4843963
Stone Tower Winery,on/off,Shenandoah Valley Cabernet Franc,4/20,"19925 Hogback Mountain Road, Leesburg, VA 20175",39.063064,-77.635397
Primland Resort,on,Eluvium,1/20,"2000 Busted Rock Road, Meadows of Dan, VA 24120",36.6617827,-80.4318697
Primland Resort,on,Chardonnay,1/20,"2000 Busted Rock Road, Meadows of Dan, VA 24120",36.6617827,-80.4318697
Primland Resort,on,Shenandoah Valley Cabernet Franc,1/20,"2000 Busted Rock Road, Meadows of Dan, VA 24120",36.6617827,-80.4318697
Primland Resort,on,Eluvium,1/20,"2000 Busted Rock Road, Meadows of Dan, VA 24120",36.6617827,-80.4318697
Primland Resort,on,Shenandoah Valley Cabernet Franc,1/20,"2000 Busted Rock Road, Meadows of Dan, VA 24120",36.6617827,-80.4318697
Planet Wine,off,Petit Manseng,5/20,"2000-2004 Mount Vernon Ave, Alexandria, VA 22301",38.8239944,-77.0585361
Planet Wine,off,Rosé,5/20,"2000-2004 Mount Vernon Ave, Alexandria, VA 22301",38.8239944,-77.0585361
Planet Wine,off,Rosé,5/20,"2000-2004 Mount Vernon Ave, Alexandria, VA 22301",38.8239944,-77.0585361
Planet Wine,off,Rosé,4/20,"2000-2004 Mount Vernon Ave, Alexandria, VA 22301",38.8239944,-77.0585361
Planet Wine,off,Rosé,4/20,"2000-2004 Mount Vernon Ave, Alexandria, VA 22301",38.8239944,-77.0585361
Planet Wine,off,Shenandoah Valley Cabernet Franc,4/20,"2000-2004 Mount Vernon Ave, Alexandria, VA 22301",38.8239944,-77.0585361
Planet Wine,off,Rosé,4/20,"2000-2004 Mount Vernon Ave, Alexandria, VA 22301",38.8239944,-77.0585361
Planet Wine,off,Shenandoah Valley Cabernet Franc,3/20,"2000-2004 Mount Vernon Ave, Alexandria, VA 22301",38.8239944,-77.0585361
Planet Wine,off,Rosé,3/20,"2000-2004 Mount Vernon Ave, Alexandria, VA 22301",38.8239944,-77.0585361
Planet Wine,off,Rosé,3/20,"2000-2004 Mount Vernon Ave, Alexandria, VA 22301",38.8239944,-77.0585361
Glen's Garden Market,on/off,Foothills,5/20,"2001 S St. NW, Washington, DC 20009",38.9143274,-77.0451575
Glen's Garden Market,on/off,Rosé,5/20,"2001 S St. NW, Washington, DC 20009",38.9143274,-77.0451575
Glen's Garden Market,on/off,Rosé,5/20,"2001 S St. NW, Washington, DC 20009",38.9143274,-77.0451575
Glen's Garden Market,on/off,Rosé,5/20,"2001 S St. NW, Washington, DC 20009",38.9143274,-77.0451575
Glen's Garden Market,on/off,Foothills,4/20,"2001 S St. NW, Washington, DC 20009",38.9143274,-77.0451575
Glen's Garden Market,on/off,Rosé,4/20,"2001 S St. NW, Washington, DC 20009",38.9143274,-77.0451575
Glen's Garden Market,on/off,Rosé,4/20,"2001 S St. NW, Washington, DC 20009",38.9143274,-77.0451575
Glen's Garden Market,on/off,Rosé,4/20,"2001 S St. NW, Washington, DC 20009",38.9143274,-77.0451575
Glen's Garden Market,on/off,Shenandoah Valley Cabernet Franc,3/20,"2001 S St. NW, Washington, DC 20009",38.9143274,-77.0451575
Glen's Garden Market,on/off,Rosé,3/20,"2001 S St. NW, Washington, DC 20009",38.9143274,-77.0451575
Glen's Garden Market,on/off,Rosé,3/20,"2001 S St. NW, Washington, DC 20009",38.9143274,-77.0451575
Glen's Garden Market,on/off,Rosé,3/20,"2001 S St. NW, Washington, DC 20009",38.9143274,-77.0451575
Glen's Garden Market,on/off,Foothills,3/20,"2001 S St. NW, Washington, DC 20009",38.9143274,-77.0451575
Glen's Garden Market,on/off,Shenandoah Valley Cabernet Franc,3/20,"2001 S St. NW, Washington, DC 20009",38.9143274,-77.0451575
Glen's Garden Market,on/off,Foothills,3/20,"2001 S St. NW, Washington, DC 20009",38.9143274,-77.0451575
Glen's Garden Market,on/off,Shenandoah Valley Cabernet Franc,3/20,"2001 S St. NW, Washington, DC 20009",38.9143274,-77.0451575
Glen's Garden Market,on/off,Foothills,2/20,"2001 S St. NW, Washington, DC 20009",38.9143274,-77.0451575
Glen's Garden Market,on/off,Shenandoah Valley Cabernet Franc,2/20,"2001 S St. NW, Washington, DC 20009",38.9143274,-77.0451575
Glen's Garden Market,on/off,Shenandoah Valley Cabernet Franc,1/20,"2001 S St. NW, Washington, DC 20009",38.9143274,-77.0451575
Glen's Garden Market,on/off,Foothills,1/20,"2001 S St. NW, Washington, DC 20009",38.9143274,-77.0451575
Glen's Garden Market,on/off,Foothills,1/20,"2001 S St. NW, Washington, DC 20009",38.9143274,-77.0451575
Glen's Garden Market,on/off,Shenandoah Valley Cabernet Franc,12/19,"2001 S St. NW, Washington, DC 20009",38.9143274,-77.0451575
Glen's Garden Market,on/off,Shenandoah Valley Cabernet Franc,12/19,"2001 S St. NW, Washington, DC 20009",38.9143274,-77.0451575
Zocalo,on,Pétillant Naturel White,5/20,"201 E Main St Suite E, Charlottesville, VA 22902",38.0307918,-78.4803003
Zocalo,on,Foothills,3/20,"201 E Main St Suite E, Charlottesville, VA 22902",38.0307918,-78.4803003
Zocalo,on,Foothills,12/19,"201 E Main St Suite E, Charlottesville, VA 22902",38.0307918,-78.4803003
Zocalo,on,Foothills,12/19,"201 E Main St Suite E, Charlottesville, VA 22902",38.0307918,-78.4803003
Quirk Hotel,on,Foothills,12/19,"201 W. Broad St., Richmond, VA 23220",37.546436,-77.4441523
Downtown Grille,on,Chardonnay,2/20,"201 West Main Street, Charlottesville, VA 22902",38.0312386,-78.4823426
Downtown Grille,on,Eluvium,2/20,"201 West Main Street, Charlottesville, VA 22902",38.0312386,-78.4823426
Downtown Grille,on,RISE,9/19,"201 West Main Street, Charlottesville, VA 22902",38.0312386,-78.4823426
Whole Foods - West Broad,on/off,Rosé,5/20,"2024 W Broad Street, Richmond, VA 23220",37.5581958,-77.4612166
Whole Foods - West Broad,on/off,Foothills,5/20,"2024 W Broad Street, Richmond, VA 23220",37.5581958,-77.4612166
Whole Foods - West Broad,on/off,Foothills,4/20,"2024 W Broad Street, Richmond, VA 23220",37.5581958,-77.4612166
Whole Foods - West Broad,on/off,Foothills,3/20,"2024 W Broad Street, Richmond, VA 23220",37.5581958,-77.4612166
Whole Foods - West Broad,on/off,Rosé,2/20,"2024 W Broad Street, Richmond, VA 23220",37.5581958,-77.4612166
Whole Foods - West Broad,on/off,Foothills,1/20,"2024 W Broad Street, Richmond, VA 23220",37.5581958,-77.4612166
Locke Store,off,Pétillant Naturel White,5/20,"2049 Millwood Rd., Millwood, VA 22646",39.0695452,-78.0379379
Locke Store,off,Rosé,5/20,"2049 Millwood Rd., Millwood, VA 22646",39.0695452,-78.0379379
Locke Store,off,Pétillant Naturel White,5/20,"2049 Millwood Rd., Millwood, VA 22646",39.0695452,-78.0379379
Locke Store,off,Rosé,4/20,"2049 Millwood Rd., Millwood, VA 22646",39.0695452,-78.0379379
Locke Store,off,Eluvium,3/20,"2049 Millwood Rd., Millwood, VA 22646",39.0695452,-78.0379379
Locke Store,off,Shenandoah Valley Cabernet Franc,1/20,"2049 Millwood Rd., Millwood, VA 22646",39.0695452,-78.0379379
Nourish Louisa,on/off,Eluvium,12/19,"205 W Main St, Louisa, VA 23093",38.0252902,-78.0034953
Nourish Louisa,on/off,Foothills,12/19,"205 W Main St, Louisa, VA 23093",38.0252902,-78.0034953
Shields Market,off,Shenandoah Valley Cabernet Franc,12/19,"206 North Shields Avenue, Richmond, VA 23220",37.5530887,-77.4668696
Common House,on,Petit Manseng,5/20,"206 West Market Street, Charlottesville, VA 22902",38.0317194,-78.4822538
Common House,on,Eluvium,5/20,"206 West Market Street, Charlottesville, VA 22902",38.0317194,-78.4822538
Common House,on,Rosé,5/20,"206 West Market Street, Charlottesville, VA 22902",38.0317194,-78.4822538
Foods of All Nations,off,Pétillant Naturel White,5/20,"2121 Ivy Rd, Charlottesville, VA 22903",38.0432978,-78.5119067
Foods of All Nations,off,Rosé,5/20,"2121 Ivy Rd, Charlottesville, VA 22903",38.0432978,-78.5119067
Foods of All Nations,off,Rosé,4/20,"2121 Ivy Rd, Charlottesville, VA 22903",38.0432978,-78.5119067
Foods of All Nations,off,Petit Manseng,3/20,"2121 Ivy Rd, Charlottesville, VA 22903",38.0432978,-78.5119067
Foods of All Nations,off,Rosé,3/20,"2121 Ivy Rd, Charlottesville, VA 22903",38.0432978,-78.5119067
Foods of All Nations,off,Shenandoah Valley Cabernet Franc,3/20,"2121 Ivy Rd, Charlottesville, VA 22903",38.0432978,-78.5119067
Foods of All Nations,off,Chardonnay,3/20,"2121 Ivy Rd, Charlottesville, VA 22903",38.0432978,-78.5119067
Foods of All Nations,off,Foothills,2/20,"2121 Ivy Rd, Charlottesville, VA 22903",38.0432978,-78.5119067
Foods of All Nations,off,Eluvium,2/20,"2121 Ivy Rd, Charlottesville, VA 22903",38.0432978,-78.5119067
Foods of All Nations,off,Foothills,2/20,"2121 Ivy Rd, Charlottesville, VA 22903",38.0432978,-78.5119067
Foods of All Nations,off,Shenandoah Valley Cabernet Franc,2/20,"2121 Ivy Rd, Charlottesville, VA 22903",38.0432978,-78.5119067
Foods of All Nations,off,Petit Manseng,2/20,"2121 Ivy Rd, Charlottesville, VA 22903",38.0432978,-78.5119067
Foods of All Nations,off,Foothills,1/20,"2121 Ivy Rd, Charlottesville, VA 22903",38.0432978,-78.5119067
Foods of All Nations,off,Eluvium,1/20,"2121 Ivy Rd, Charlottesville, VA 22903",38.0432978,-78.5119067
Foods of All Nations,off,Eluvium,12/19,"2121 Ivy Rd, Charlottesville, VA 22903",38.0432978,-78.5119067
Foods of All Nations,off,Foothills,12/19,"2121 Ivy Rd, Charlottesville, VA 22903",38.0432978,-78.5119067
Foods of All Nations,off,Chardonnay,12/19,"2121 Ivy Rd, Charlottesville, VA 22903",38.0432978,-78.5119067
Foods of All Nations,Off,RISE,10/19,"2121 Ivy Rd, Charlottesville, VA 22903",38.0432978,-78.5119067
Cosmos Club,on,RISE,7/19,"2121 Massachusetts Ave. NW, Washington, DC 20008",38.911551,-77.0475863
Crystal City Wine Shop,off,Rosé,5/20,"220 20th St. South, Arlington, VA 22202",38.85597,-77.0500304
Crystal City Wine Shop,off,Rosé,5/20,"220 20th St. South, Arlington, VA 22202",38.85597,-77.0500304
Crystal City Wine Shop,off,Foothills,5/20,"220 20th St. South, Arlington, VA 22202",38.85597,-77.0500304
Crystal City Wine Shop,off,Rosé,5/20,"220 20th St. South, Arlington, VA 22202",38.85597,-77.0500304
Crystal City Wine Shop,off,Pétillant Naturel White,5/20,"220 20th St. South, Arlington, VA 22202",38.85597,-77.0500304
Crystal City Wine Shop,off,Rosé,4/20,"220 20th St. South, Arlington, VA 22202",38.85597,-77.0500304
Crystal City Wine Shop,off,Petit Manseng,4/20,"220 20th St. South, Arlington, VA 22202",38.85597,-77.0500304
Crystal City Wine Shop,off,Foothills,4/20,"220 20th St. South, Arlington, VA 22202",38.85597,-77.0500304
Crystal City Wine Shop,off,Rosé,3/20,"220 20th St. South, Arlington, VA 22202",38.85597,-77.0500304
Crystal City Wine Shop,off,Petit Manseng,1/20,"220 20th St. South, Arlington, VA 22202",38.85597,-77.0500304
Crystal City Wine Shop,off,Foothills,1/20,"220 20th St. South, Arlington, VA 22202",38.85597,-77.0500304
Crystal City Wine Shop,off,Young Wine Chambourcin,1/20,"220 20th St. South, Arlington, VA 22202",38.85597,-77.0500304
Crystal City Wine Shop,off,Foothills,12/19,"220 20th St. South, Arlington, VA 22202",38.85597,-77.0500304
Ivy Inn,on,Petit Manseng,2/20,"2244 Old Ivy Rd., Charlottesville, VA 22903",38.045948,-78.516234
Ivy Inn,on,Eluvium,1/20,"2244 Old Ivy Rd., Charlottesville, VA 22903",38.045948,-78.516234
Ivy Inn,on,RISE,1/20,"2244 Old Ivy Rd., Charlottesville, VA 22903",38.045948,-78.516234
Ivy Inn,on,Chardonnay,12/19,"2244 Old Ivy Rd., Charlottesville, VA 22903",38.045948,-78.516234
Saison,on,Pétillant Naturel White,5/20,"23 W Marshall St. Suite A, Richmond, VA 23220",37.546819,-77.4420934
Saison,on,Rosé,4/20,"23 W Marshall St. Suite A, Richmond, VA 23220",37.546819,-77.4420934
Fry's Spring Beach Club,on,Foothills,3/20,"2513 Jefferson Park Ave, Charlottesville, VA 22903",38.0192125,-78.5141217
Fry's Spring Beach Club,on,Rosé,3/20,"2513 Jefferson Park Ave, Charlottesville, VA 22903",38.0192125,-78.5141217
Acacia - Midtown,On,Chardonnay,12/19,"2601 West Cary St., Richmond, VA 23220",37.5505588,-77.4741547
Acacia - Midtown,On,Eluvium,12/19,"2601 West Cary St., Richmond, VA 23220",37.5505588,-77.4741547
Department of Beer & Wine,off,Foothills,4/20,"2724 Richmond Hwy, Alexandria, VA 22301",38.830645,-77.051175
Department of Beer & Wine,off,Rosé,4/20,"2724 Richmond Hwy, Alexandria, VA 22301",38.830645,-77.051175
Department of Beer & Wine,off,Foothills,2/20,"2724 Richmond Hwy, Alexandria, VA 22301",38.830645,-77.051175
Department of Beer & Wine,off,Foothills,2/20,"2724 Richmond Hwy, Alexandria, VA 22301",38.830645,-77.051175
Department of Beer & Wine,off,Shenandoah Valley Cabernet Franc,1/20,"2724 Richmond Hwy, Alexandria, VA 22301",38.830645,-77.051175
Department of Beer & Wine,off,Petit Manseng,1/20,"2724 Richmond Hwy, Alexandria, VA 22301",38.830645,-77.051175
Department of Beer & Wine,off,Foothills,1/20,"2724 Richmond Hwy, Alexandria, VA 22301",38.830645,-77.051175
Department of Beer & Wine,off,Young Wine Chambourcin,12/19,"2724 Richmond Hwy, Alexandria, VA 22301",38.830645,-77.051175
Department of Beer & Wine,off,Foothills,12/19,"2724 Richmond Hwy, Alexandria, VA 22301",38.830645,-77.051175
Swirl & Sip,off,Five Forks,3/20,"2905 District  Ave. Ste. 112, Fairfax, VA 22031",38.8733231,-77.229401
White Moose Inn,on,Chardonnay,2/20,"291 Main St., Washington, VA 22747",38.7123391,-78.16034
White Moose Inn,on,Chardonnay,12/19,"291 Main St., Washington, VA 22747",38.7123391,-78.16034
White Moose Inn,on,Eluvium,12/19,"291 Main St., Washington, VA 22747",38.7123391,-78.16034
White Moose Inn,on,Foothills,12/19,"291 Main St., Washington, VA 22747",38.7123391,-78.16034
White Moose Inn,on,Rosé,12/19,"291 Main St., Washington, VA 22747",38.7123391,-78.16034
Perch,on,Petit Manseng,4/20,"2918 W. Broad Street, Richmond, VA 23230",37.5640539,-77.4719183
Perch,on,Foothills,4/20,"2918 W. Broad Street, Richmond, VA 23230",37.5640539,-77.4719183
Perch,on,Rosé,4/20,"2918 W. Broad Street, Richmond, VA 23230",37.5640539,-77.4719183
Perch,on,Rosé,4/20,"2918 W. Broad Street, Richmond, VA 23230",37.5640539,-77.4719183
Perch,on,Chardonnay,3/20,"2918 W. Broad Street, Richmond, VA 23230",37.5640539,-77.4719183
Perch,on,Foothills,1/20,"2918 W. Broad Street, Richmond, VA 23230",37.5640539,-77.4719183
Von,on,Eluvium,1/20,"3 Bleeker St, Manhattan, NY 10012",40.7254442,-73.9926215
Prime 109,on,Shenandoah Valley Cabernet Franc,3/20,"300 East Main St., Charlottesville, VA 22902",36.8605378,-76.2996588
Prime 109,on,Petit Manseng,2/20,"300 East Main St., Charlottesville, VA 22902",36.8605378,-76.2996588
Prime 109,on,Chardonnay,12/19,"300 East Main St., Charlottesville, VA 22902",36.8605378,-76.2996588
Fortunato,on,Foothills,2/20,"301 1st Street SW #300, Roanoke, VA 24011",37.2710853,-79.9427864
In Vino Veritas,off,Rosé,12/19,"3015 Louisa Rd, Keswick, VA 22947",38.0134664,-78.3951928
In Vino Veritas,off,Foothills,12/19,"3015 Louisa Rd, Keswick, VA 22947",38.0134664,-78.3951928
In Vino Veritas,off,Shenandoah Valley Cabernet Franc,12/19,"3015 Louisa Rd, Keswick, VA 22947",38.0134664,-78.3951928
Urban Hang Suite,on/off,Foothills,5/20,"304 E. Broad Street, Richmond, VA 23219",37.5441901,-77.4388111
Urban Hang Suite,on/off,Foothills,5/20,"304 E. Broad Street, Richmond, VA 23219",37.5441901,-77.4388111
Urban Hang Suite,on/off,Foothills,5/20,"304 E. Broad Street, Richmond, VA 23219",37.5441901,-77.4388111
Urban Hang Suite,on/off,Foothills,4/20,"304 E. Broad Street, Richmond, VA 23219",37.5441901,-77.4388111
Urban Hang Suite,on/off,Foothills,4/20,"304 E. Broad Street, Richmond, VA 23219",37.5441901,-77.4388111
Urban Hang Suite,on/off,Chardonnay,3/20,"304 E. Broad Street, Richmond, VA 23219",37.5441901,-77.4388111
Urban Hang Suite,on/off,Rosé,3/20,"304 E. Broad Street, Richmond, VA 23219",37.5441901,-77.4388111
Each Peach Market,on/off,Foothills,3/20,"3068 Mt Pleasant St NW, Washington, DC 20009",38.928548,-77.0375272
Each Peach Market,on/off,Foothills,1/20,"3068 Mt Pleasant St NW, Washington, DC 20009",38.928548,-77.0375272
Each Peach Market,on/off,Foothills,1/20,"3068 Mt Pleasant St NW, Washington, DC 20009",38.928548,-77.0375272
Bottleworks,off,Chardonnay,4/20,"3078 Stony Point Rd., Richmond, VA 23235",37.537796,-77.5651916
Bottleworks,off,Foothills,4/20,"3078 Stony Point Rd., Richmond, VA 23235",37.537796,-77.5651916
Market Street Wine Shop,off,Pétillant Naturel White,5/20,"311 East Market St, Charlottesville, VA 22902",38.0310663,-78.4789692
Market Street Wine Shop,off,Pétillant Naturel White,5/20,"311 East Market St, Charlottesville, VA 22902",38.0310663,-78.4789692
Market Street Wine Shop,off,Chardonnay,5/20,"311 East Market St, Charlottesville, VA 22902",38.0310663,-78.4789692
Market Street Wine Shop,off,Eluvium,5/20,"311 East Market St, Charlottesville, VA 22902",38.0310663,-78.4789692
Market Street Wine Shop,off,Foothills,5/20,"311 East Market St, Charlottesville, VA 22902",38.0310663,-78.4789692
Market Street Wine Shop,off,Chardonnay,5/20,"311 East Market St, Charlottesville, VA 22902",38.0310663,-78.4789692
Market Street Wine Shop,off,Petit Manseng,5/20,"311 East Market St, Charlottesville, VA 22902",38.0310663,-78.4789692
Market Street Wine Shop,off,Young Wine Chambourcin,5/20,"311 East Market St, Charlottesville, VA 22902",38.0310663,-78.4789692
Market Street Wine Shop,off,Pétillant Naturel White,5/20,"311 East Market St, Charlottesville, VA 22902",38.0310663,-78.4789692
Market Street Wine Shop,off,Foothills,5/20,"311 East Market St, Charlottesville, VA 22902",38.0310663,-78.4789692
Market Street Wine Shop,off,Rosé,5/20,"311 East Market St, Charlottesville, VA 22902",38.0310663,-78.4789692
Market Street Wine Shop,off,Rosé,4/20,"311 East Market St, Charlottesville, VA 22902",38.0310663,-78.4789692
Market Street Wine Shop,off,Shenandoah Valley Cabernet Franc,4/20,"311 East Market St, Charlottesville, VA 22902",38.0310663,-78.4789692
Market Street Wine Shop,off,Rosé,4/20,"311 East Market St, Charlottesville, VA 22902",38.0310663,-78.4789692
Market Street Wine Shop,off,Eluvium,3/20,"311 East Market St, Charlottesville, VA 22902",38.0310663,-78.4789692
Market Street Wine Shop,off,Foothills,3/20,"311 East Market St, Charlottesville, VA 22902",38.0310663,-78.4789692
Market Street Wine Shop,off,Foothills,3/20,"311 East Market St, Charlottesville, VA 22902",38.0310663,-78.4789692
Market Street Wine Shop,off,Foothills,3/20,"311 East Market St, Charlottesville, VA 22902",38.0310663,-78.4789692
Market Street Wine Shop,off,Foothills,2/20,"311 East Market St, Charlottesville, VA 22902",38.0310663,-78.4789692
Market Street Wine Shop,off,Chardonnay,2/20,"311 East Market St, Charlottesville, VA 22902",38.0310663,-78.4789692
Market Street Wine Shop,off,Eluvium,1/20,"311 East Market St, Charlottesville, VA 22902",38.0310663,-78.4789692
Market Street Wine Shop,off,Foothills,1/20,"311 East Market St, Charlottesville, VA 22902",38.0310663,-78.4789692
Market Street Wine Shop,off,Eluvium,12/19,"311 East Market St, Charlottesville, VA 22902",38.0310663,-78.4789692
Market Street Wine Shop,off,Foothills,12/19,"311 East Market St, Charlottesville, VA 22902",38.0310663,-78.4789692
Market Street Wine Shop,off,Eluvium,12/19,"311 East Market St, Charlottesville, VA 22902",38.0310663,-78.4789692
Market Street Wine Shop,off,Foothills,12/19,"311 East Market St, Charlottesville, VA 22902",38.0310663,-78.4789692
Market Street Wine Shop,off,Chardonnay,12/19,"311 East Market St, Charlottesville, VA 22902",38.0310663,-78.4789692
Market Street Wine Shop,off,Chardonnay,12/19,"311 East Market St, Charlottesville, VA 22902",38.0310663,-78.4789692
Grisette,on,Petit Manseng,5/20,"3119 East Marshall Street, Richmond, VA 23223",37.528621,-77.4119182
Grisette,on,Petit Manseng,5/20,"3119 East Marshall Street, Richmond, VA 23223",37.528621,-77.4119182
Grisette,on,Foothills,3/20,"3119 East Marshall Street, Richmond, VA 23223",37.528621,-77.4119182
Grisette,on,Eluvium,3/20,"3119 East Marshall Street, Richmond, VA 23223",37.528621,-77.4119182
Alewife,on,Young Wine Chambourcin,3/20,"3120 E Marshall St., Richmond, VA 23223",37.5288799,-77.4116006
Alewife,on,Young Wine Chambourcin,2/20,"3120 E Marshall St., Richmond, VA 23223",37.5288799,-77.4116006
Alewife,on,Young Wine Chambourcin,2/20,"3120 E Marshall St., Richmond, VA 23223",37.5288799,-77.4116006
Alewife,on,Young Wine Chambourcin,1/20,"3120 E Marshall St., Richmond, VA 23223",37.5288799,-77.4116006
Alewife,on,Pétillant Naturel White,5/20,"3120 E Marshall St., Richmond, VA 23223-7437",37.5288799,-77.4116006
Alewife,on,Pétillant Naturel White,5/20,"3120 E Marshall St., Richmond, VA 23223-7437",37.5288799,-77.4116006
Alewife,on,Pétillant Naturel Red,4/20,"3120 E Marshall St., Richmond, VA 23223-7437",37.5288799,-77.4116006
Broken Tulip,on,Young Wine Chambourcin,5/20,"3129 W. Cary Street, Richmond, VA 23221",37.5532674,-77.481503
Broken Tulip,on,Pétillant Naturel White,5/20,"3129 W. Cary Street, Richmond, VA 23221",37.5532674,-77.481503
313 Franklin,on ,Shenandoah Valley Cabernet Franc,2/20,"313 Franklin Street, South Hill, VA 23970",36.726272,-78.1245498
313 Franklin,on ,Chardonnay,2/20,"313 Franklin Street, South Hill, VA 23970",36.726272,-78.1245498
313 Franklin,on ,Petit Manseng,2/20,"313 Franklin Street, South Hill, VA 23970",36.726272,-78.1245498
313 Franklin,on ,Foothills,2/20,"313 Franklin Street, South Hill, VA 23970",36.726272,-78.1245498
Good Wine,off,Petit Manseng,12/19,"327 5th Ave, Brooklyn, NY 11215",40.6724091,-73.9833358
USA Wine Imports:Good Wine,off,Foothills,4/20,"327 5th Avenue, Brooklyn, NY 11215",40.6724091,-73.9833358
Good Wine,off,Foothills,1/20,"327 Fifth Avenue, Brooklyn, NY 11215",40.6724091,-73.9833358
Odd Provisions,off,Rosé,5/20,"3301 11th Street NW, Washington, DC 20010",38.9309006,-77.0278015
Valley Pike Farm Market,off,Foothills,2/20,"3494 Lee Highway, Weyers Cave, VA 24486",40.6724091,-73.9833358
Wine Gourmet,off,Chardonnay,12/19,"3524 Electric Road, Roanoke, VA 24014",37.2271841,-79.9984762
Wine Gourmet,off,Eluvium,12/19,"3524 Electric Road, Roanoke, VA 24014",37.2271841,-79.9984762
Wine Gourmet,off,Rosé,4/20,"3524 Electric Road, Roanoke, VA 24014-1109",37.2271841,-79.9984762
Wine Gourmet,off,Rosé,4/20,"3524 Electric Road, Roanoke, VA 24014-1109",37.2271841,-79.9984762
The Eastern ,on,Shenandoah Valley Cabernet Franc,12/19,"360 7th ST SE, Washington, DC 20003",38.885362,-76.995888
Taste - Oceanfront,on/off,Petit Manseng,3/20,"3603 Pacific Avenue, Virginia Beach, VA 23451",36.8641917,-75.9803595
Unwined Bradlee Shopping Center,off,Rosé,5/20,"3690-J King St, Alexandria, VA 22302",38.8296628,-77.0921948
Unwined Bradlee Shopping Center,off,Eluvium,5/20,"3690-J King St, Alexandria, VA 22302",38.8296628,-77.0921948
Unwined Bradlee Shopping Center,off,Rosé,5/20,"3690-J King St, Alexandria, VA 22302",38.8296628,-77.0921948
Unwined Bradlee Shopping Center,off,Rosé,5/20,"3690-J King St, Alexandria, VA 22302",38.8296628,-77.0921948
Unwined Bradlee Shopping Center,off,Rosé,4/20,"3690-J King St, Alexandria, VA 22302",38.8296628,-77.0921948
Unwined Bradlee Shopping Center,off,Rosé,4/20,"3690-J King St, Alexandria, VA 22302",38.8296628,-77.0921948
Unwined Bradlee Shopping Center,off,Rosé,4/20,"3690-J King St, Alexandria, VA 22302",38.8296628,-77.0921948
Unwined Bradlee Shopping Center,off,Foothills,3/20,"3690-J King St, Alexandria, VA 22302",38.8296628,-77.0921948
Unwined Bradlee Shopping Center,off,Eluvium,3/20,"3690-J King St, Alexandria, VA 22302",38.8296628,-77.0921948
Unwined Bradlee Shopping Center,off,Chardonnay,3/20,"3690-J King St, Alexandria, VA 22302",38.8296628,-77.0921948
Unwined Bradlee Shopping Center,off,Eluvium,2/20,"3690-J King St, Alexandria, VA 22302",38.8296628,-77.0921948
Unwined Bradlee Shopping Center,off,Pétillant Naturel Red,1/20,"3690-J King St, Alexandria, VA 22302",38.8296628,-77.0921948
Unwined Bradlee Shopping Center,off,Rosé,12/19,"3690-J King St, Alexandria, VA 22302",38.8296628,-77.0921948
Unwined Bradlee Shopping Center,off,Shenandoah Valley Cabernet Franc,12/19,"3690-J King St, Alexandria, VA 22302",38.8296628,-77.0921948
Unwined Bradlee Shopping Center,off,Foothills,12/19,"3690-J King St, Alexandria, VA 22302",38.8296628,-77.0921948
Vino Market,off,Foothills,5/20,"3730 Winterfield Rd., Midlothian, VA 23113",37.5535346,-77.6685934
Vino Market,off,Rosé,5/20,"3730 Winterfield Rd., Midlothian, VA 23113",37.5535346,-77.6685934
Vino Market,off,Foothills,3/20,"3730 Winterfield Rd., Midlothian, VA 23113",37.5535346,-77.6685934
Vino Market,off,Rosé,3/20,"3730 Winterfield Rd., Midlothian, VA 23113",37.5535346,-77.6685934
Vino Market,off,Young Wine Chambourcin,12/19,"3730 Winterfield Rd., Midlothian, VA 23113",37.5535346,-77.6685934
Astor Wines & Spirits,off,Shenandoah Valley Cabernet Franc,3/20,"399 Lafayette St, Manhattan, NY 10003",40.7279823,-73.9926938
Astor Wines & Spirits,off,Petit Manseng,2/20,"399 Lafayette St, Manhattan, NY 10003",40.7279823,-73.9926938
Astor Wines & Spirits,off,Eluvium,2/20,"399 Lafayette St, Manhattan, NY 10003",40.7279823,-73.9926938
Astor Wines & Spirits,off,Shenandoah Valley Cabernet Franc,1/20,"399 Lafayette St, Manhattan, NY 10003",40.7279823,-73.9926938
Ellwood Thompson,off,Quaker Run Chardonnay,5/20,"4 N Thompson St, Richmond, VA 23221",37.5574421,-77.4886194
Ellwood Thompson,off,Petit Manseng,5/20,"4 N Thompson St, Richmond, VA 23221",37.5574421,-77.4886194
Ellwood Thompson,off,Rosé,5/20,"4 N Thompson St, Richmond, VA 23221",37.5574421,-77.4886194
Ellwood Thompson,off,Pétillant Naturel White,5/20,"4 N Thompson St, Richmond, VA 23221",37.5574421,-77.4886194
Ellwood Thompson,off,Shenandoah Valley Cabernet Franc,4/20,"4 N Thompson St, Richmond, VA 23221",37.5574421,-77.4886194
Ellwood Thompson,off,Petit Manseng,4/20,"4 N Thompson St, Richmond, VA 23221",37.5574421,-77.4886194
Ellwood Thompson,off,Eluvium,4/20,"4 N Thompson St, Richmond, VA 23221",37.5574421,-77.4886194
Ellwood Thompson,off,Foothills,4/20,"4 N Thompson St, Richmond, VA 23221",37.5574421,-77.4886194
Ellwood Thompson,off,Rosé,3/20,"4 N Thompson St, Richmond, VA 23221",37.5574421,-77.4886194
Ellwood Thompson,off,Shenandoah Valley Cabernet Franc,1/20,"4 N Thompson St, Richmond, VA 23221",37.5574421,-77.4886194
Ellwood Thompson,off,Young Wine Chambourcin,1/20,"4 N Thompson St, Richmond, VA 23221",37.5574421,-77.4886194
Ellwood Thompson,off,Young Wine Chambourcin,1/20,"4 N Thompson St, Richmond, VA 23221",37.5574421,-77.4886194
Ellwood Thompson,off,Foothills,1/20,"4 N Thompson St, Richmond, VA 23221",37.5574421,-77.4886194
Ellwood Thompson,off,Young Wine Chambourcin,12/19,"4 N Thompson St, Richmond, VA 23221",37.5574421,-77.4886194
Ellwood Thompson,off,Quaker Run Chardonnay,12/19,"4 N Thompson St, Richmond, VA 23221",37.5574421,-77.4886194
Ellwood Thompson,off,Quaker Run Chardonnay,12/19,"4 N Thompson St, Richmond, VA 23221",37.5574421,-77.4886194
Ellwood Thompson,off,Foothills,12/19,"4 N Thompson St, Richmond, VA 23221",37.5574421,-77.4886194
Libbie Market,off,Eluvium,5/20,"400 Libbie Ave., Richmond, VA 23226",37.5746309,-77.5183971
Libbie Market,off,Rosé,5/20,"400 Libbie Ave., Richmond, VA 23226",37.5746309,-77.5183971
Libbie Market,off,Petit Manseng,5/20,"400 Libbie Ave., Richmond, VA 23226",37.5746309,-77.5183971
Libbie Market,off,Eluvium,5/20,"400 Libbie Ave., Richmond, VA 23226",37.5746309,-77.5183971
Libbie Market,off,Rosé,5/20,"400 Libbie Ave., Richmond, VA 23226",37.5746309,-77.5183971
Libbie Market,off,Quaker Run Chardonnay,3/20,"400 Libbie Ave., Richmond, VA 23226",37.5746309,-77.5183971
Libbie Market,off,Shenandoah Valley Cabernet Franc,3/20,"400 Libbie Ave., Richmond, VA 23226",37.5746309,-77.5183971
Libbie Market,off,Shenandoah Valley Cabernet Franc,3/20,"400 Libbie Ave., Richmond, VA 23226",37.5746309,-77.5183971
Libbie Market,off,Shenandoah Valley Cabernet Franc,3/20,"400 Libbie Ave., Richmond, VA 23226",37.5746309,-77.5183971
Dutch & Co.,on,Foothills,3/20,"400 N. 27th St., Richmond, VA 23223",37.5316135,-77.4162141
Dutch & Co.,on,Quaker Run Chardonnay,2/20,"400 N. 27th St., Richmond, VA 23223",37.5316135,-77.4162141
Dutch & Co.,on,Chardonnay,2/20,"400 N. 27th St., Richmond, VA 23223",37.5316135,-77.4162141
Dutch & Co.,on,Foothills,1/20,"400 N. 27th St., Richmond, VA 23223",37.5316135,-77.4162141
Dutch & Co.,on,Quaker Run Chardonnay,1/20,"400 N. 27th St., Richmond, VA 23223",37.5316135,-77.4162141
Blacksburg Wine Lab,on,Foothills,5/20,"400 Turner St. NW, Blacksburg, VA 24060",37.2331938,-80.421742
Blacksburg Wine Lab,on,Chardonnay,1/20,"400 Turner St. NW, Blacksburg, VA 24060",37.2331938,-80.421742
Blacksburg Wine Lab,on,Foothills,1/20,"400 Turner St. NW, Blacksburg, VA 24060",37.2331938,-80.421742
Commonwealth Club,on,Rosé,5/20,"401 W. Franklin Street, Richmond, VA 23220",37.5458434,-77.447656
Commonwealth Club,on,Rosé,4/20,"401 W. Franklin Street, Richmond, VA 23220",37.5458434,-77.447656
Commonwealth Club,on,RISE,11/19,"401 W. Franklin Street, Richmond, VA 23220",37.5458434,-77.447656
Commonwealth Club,on,RISE,11/19,"401 W. Franklin Street, Richmond, VA 23220",37.5458434,-77.447656
Barrel Chest,off,Chardonnay,3/20,"4035 Electric Rd. #B, Roanoke, VA 24018",37.2235279,-79.982868
Barrel Chest,off,Rosé,3/20,"4035 Electric Rd. #B, Roanoke, VA 24018",37.2235279,-79.982868
Barrel Chest,off,Foothills,1/20,"4035 Electric Rd. #B, Roanoke, VA 24018",37.2235279,-79.982868
Taste - Ghent,on/off,Five Forks,3/20,"407 W 21st Street, Norfolk, VA 23517",36.868141,-76.290231
Taste - Ghent,on/off,Eluvium,3/20,"407 W 21st Street, Norfolk, VA 23517",36.868141,-76.290231
Taste - Ghent,on/off,Eluvium,3/20,"407 W 21st Street, Norfolk, VA 23517",36.868141,-76.290231
Taste - Ghent,on/off,Rosé,4/20,"407 W 21st Street, Norfolk, VA 23517-2114",36.868141,-76.290231
Rustico - Ballston,on,Rosé,4/20,"4075 Wilson Blvd., Arlington, VA 22203",38.8803079,-77.1085112
Rustico - Ballston,on,Rosé,4/20,"4075 Wilson Blvd., Arlington, VA 22203",38.8803079,-77.1085112
Taste - Bayville Farms,on/off,Petit Manseng,1/20,"4097 Shore Drive, Virginia Beach, VA 23455",36.9057286,-76.1161963
Taste - Bayville Farms,on/off,Foothills,1/20,"4097 Shore Drive, Virginia Beach, VA 23455",36.9057286,-76.1161963
Talk of the Table,off,Rosé,2/20,"410 Peachtree PKWY, Cumming, GA 30041",34.1535941,-84.1768731
Talk of the Table,off,Five Forks,2/20,"410 Peachtree PKWY, Cumming, GA 30041",34.1535941,-84.1768731
Blanca,on,Foothills,12/19,"4117 Granby St Ste A, Norfolk, VA 23504",36.8846514,-76.2818304
Feast,off,Rosé,5/20,"416 W Main St Suite H, Charlottesville, VA 22902",38.0304142,-78.4872613
Feast,off,Foothills,3/20,"416 W Main St Suite H, Charlottesville, VA 22902",38.0304142,-78.4872613
Feast,off,Foothills,2/20,"416 W Main St Suite H, Charlottesville, VA 22902",38.0304142,-78.4872613
Feast,off,Rosé,12/19,"416 W Main St Suite H, Charlottesville, VA 22902",38.0304142,-78.4872613
Cavalier Hotel,on,Foothills,2/20,"4200 Atlantic Avenue, Virginia Beach, VA 23451",36.8692128,-75.9837519
Wine & Country,Off,Foothills,12/19,"4282 Ivy Road, Charlottesville, VA 22903",38.056209,-78.5953366
Wine & Country,Off,Rosé,12/19,"4282 Ivy Road, Charlottesville, VA 22903",38.056209,-78.5953366
Wine & Country,Off,Chardonnay,12/19,"4282 Ivy Road, Charlottesville, VA 22903",38.056209,-78.5953366
And Sons NYC,on,Petit Manseng,3/20,"447 Rogers Ave, Brooklyn, NY 11225",40.6616172,-73.9534096
Crystal Palate,off,Chardonnay,4/20,"4500 Pretty Lake Avenue, Norfolk, VA 23518",36.925493,-76.1880817
Crystal Palate,off,Chardonnay,4/20,"4500 Pretty Lake Avenue, Norfolk, VA 23518",36.925493,-76.1880817
Arrowine,off,Foothills,5/20,"4508 Lee Hwy, Arlington, VA 22207",38.8983733,-77.1183586
Arrowine,off,Rosé,5/20,"4508 Lee Hwy, Arlington, VA 22207",38.8983733,-77.1183586
Arrowine,off,Rosé,5/20,"4508 Lee Hwy, Arlington, VA 22207",38.8983733,-77.1183586
Arrowine,off,Rosé,5/20,"4508 Lee Hwy, Arlington, VA 22207",38.8983733,-77.1183586
Arrowine,off,Chardonnay,5/20,"4508 Lee Hwy, Arlington, VA 22207",38.8983733,-77.1183586
Arrowine,off,Foothills,5/20,"4508 Lee Hwy, Arlington, VA 22207",38.8983733,-77.1183586
Arrowine,off,Rosé,5/20,"4508 Lee Hwy, Arlington, VA 22207",38.8983733,-77.1183586
Arrowine,off,Rosé,4/20,"4508 Lee Hwy, Arlington, VA 22207",38.8983733,-77.1183586
Arrowine,off,Chardonnay,4/20,"4508 Lee Hwy, Arlington, VA 22207",38.8983733,-77.1183586
Arrowine,off,Rosé,4/20,"4508 Lee Hwy, Arlington, VA 22207",38.8983733,-77.1183586
Arrowine,off,Rosé,3/20,"4508 Lee Hwy, Arlington, VA 22207",38.8983733,-77.1183586
Arrowine,off,Shenandoah Valley Cabernet Franc,3/20,"4508 Lee Hwy, Arlington, VA 22207",38.8983733,-77.1183586
Arrowine,off,Young Wine Chambourcin,3/20,"4508 Lee Hwy, Arlington, VA 22207",38.8983733,-77.1183586
Arrowine,off,Eluvium,3/20,"4508 Lee Hwy, Arlington, VA 22207",38.8983733,-77.1183586
Arrowine,off,Rosé,3/20,"4508 Lee Hwy, Arlington, VA 22207",38.8983733,-77.1183586
Arrowine,off,Foothills,1/20,"4508 Lee Hwy, Arlington, VA 22207",38.8983733,-77.1183586
Arrowine,off,Petit Manseng,1/20,"4508 Lee Hwy, Arlington, VA 22207",38.8983733,-77.1183586
Arrowine,off,Chardonnay,12/19,"4508 Lee Hwy, Arlington, VA 22207",38.8983733,-77.1183586
Taste - Town Center,on/off,Eluvium,2/20,"4513 Commerce Street, Virgina Beach, VA 23462",36.8418021,-76.1345125
Taste - Town Center,on/off,Foothills,2/20,"4513 Commerce Street, Virgina Beach, VA 23462",36.8418021,-76.1345125
Wine Seller - Williamsburg,off,Rosé,5/20,"4680 Monticello Ave Suite 15, Williamsburg, VA 23188",37.2719211,-76.7595155
Wine Seller - Williamsburg,off,Foothills,5/20,"4680 Monticello Ave Suite 15, Williamsburg, VA 23188",37.2719211,-76.7595155
Wine Seller - Williamsburg,off,Rosé,5/20,"4680 Monticello Ave Suite 15, Williamsburg, VA 23188",37.2719211,-76.7595155
Wine Seller - Williamsburg,off,Pétillant Naturel White,5/20,"4680 Monticello Ave Suite 15, Williamsburg, VA 23188",37.2719211,-76.7595155
Wine Seller - Williamsburg,off,Foothills,5/20,"4680 Monticello Ave Suite 15, Williamsburg, VA 23188",37.2719211,-76.7595155
Wine Seller - Williamsburg,off,Foothills,4/20,"4680 Monticello Ave Suite 15, Williamsburg, VA 23188",37.2719211,-76.7595155
Wine Seller - Williamsburg,off,Rosé,4/20,"4680 Monticello Ave Suite 15, Williamsburg, VA 23188",37.2719211,-76.7595155
Wine Seller - Williamsburg,off,Foothills,3/20,"4680 Monticello Ave Suite 15, Williamsburg, VA 23188",37.2719211,-76.7595155
Wine Seller - Williamsburg,off,Foothills,3/20,"4680 Monticello Ave Suite 15, Williamsburg, VA 23188",37.2719211,-76.7595155
Wine Seller - Williamsburg,off,Petit Manseng,2/20,"4680 Monticello Ave Suite 15, Williamsburg, VA 23188",37.2719211,-76.7595155
Wine Seller - Williamsburg,off,Foothills,12/19,"4680 Monticello Ave Suite 15, Williamsburg, VA 23188",37.2719211,-76.7595155
Wine Seller - Williamsburg,off,RISE,12/19,"4680 Monticello Ave Suite 15, Williamsburg, VA 23188",37.2719211,-76.7595155
Wine Seller - Williamsburg,off,RISE,10/19,"4680 Monticello Ave Suite 15, Williamsburg, VA 23188",37.2719211,-76.7595155
Outpost,off,Foothills,3/20,"4813 Forest Hill Ave., Richmond, VA 23225",37.5211852,-77.4878087
Outpost,off,Rosé,3/20,"4813 Forest Hill Ave., Richmond, VA 23225",37.5211852,-77.4878087
Outpost,off,Young Wine Chambourcin,2/20,"4813 Forest Hill Ave., Richmond, VA 23225",37.5211852,-77.4878087
Outpost,off,RISE,10/19,"4813 Forest Hill Ave., Richmond, VA 23225",37.5211852,-77.4878087
Outpost,off,Foothills,4/20,"4813 Forest Hill Ave., Richmond, VA 23225-3143",37.5211852,-77.4878087
Shagbark,on,Shenandoah Valley Cabernet Franc,12/19,"4901 Libbie Mill E Blvd. Ste 175, Richmond, VA 23230",37.5906296,-77.4937676
Quirk Hotel - Charlottesville,on,Foothills,3/20,"499 W Main Street, Charlottesville, VA 22902",38.03121,-78.48776
Quirk Hotel - Charlottesville,on,Five Forks,3/20,"499 W Main Street, Charlottesville, VA 22902",38.03121,-78.48776
Westside Produce & Provisions,off,Five Forks,3/20,"5015 Colley Ave., Norfolk, VA 23508",36.8890919,-76.2954496
Westside Produce & Provisions,off,Chardonnay,3/20,"5015 Colley Ave., Norfolk, VA 23508",36.8890919,-76.2954496
Westside Produce & Provisions,off,Eluvium,3/20,"5015 Colley Ave., Norfolk, VA 23508",36.8890919,-76.2954496
Westside Produce & Provisions,off,Foothills,3/20,"5015 Colley Ave., Norfolk, VA 23508",36.8890919,-76.2954496
Westside Produce & Provisions,off,Shenandoah Valley Cabernet Franc,3/20,"5015 Colley Ave., Norfolk, VA 23508",36.8890919,-76.2954496
Westside Produce & Provisions,off,Rosé,5/20,"5015 Colley Ave., Norfolk, VA 23508-2039",36.8890919,-76.2954496
Westside Produce & Provisions,off,Shenandoah Valley Cabernet Franc,4/20,"5015 Colley Ave., Norfolk, VA 23508-2039",36.8890919,-76.2954496
Westside Produce & Provisions,off,Eluvium,4/20,"5015 Colley Ave., Norfolk, VA 23508-2039",36.8890919,-76.2954496
Westside Produce & Provisions,off,Foothills,4/20,"5015 Colley Ave., Norfolk, VA 23508-2039",36.8890919,-76.2954496
Westside Produce & Provisions,off,Rosé,4/20,"5015 Colley Ave., Norfolk, VA 23508-2039",36.8890919,-76.2954496
Westside Produce & Provisions,off,Chardonnay,4/20,"5015 Colley Ave., Norfolk, VA 23508-2039",36.8890919,-76.2954496
Westside Produce & Provisions,off,Eluvium,4/20,"5015 Colley Ave., Norfolk, VA 23508-2039",36.8890919,-76.2954496
Westside Produce & Provisions,off,Foothills,4/20,"5015 Colley Ave., Norfolk, VA 23508-2039",36.8890919,-76.2954496
Westside Produce & Provisions,off,Rosé,4/20,"5015 Colley Ave., Norfolk, VA 23508-2039",36.8890919,-76.2954496
Tastings of Charlottesville,on/off,Foothills,2/20,"502 East Market St, Charlottesville, VA 22902",38.0303427,-78.4779714
Tastings of Charlottesville,on/off,Foothills,2/20,"502 East Market St, Charlottesville, VA 22902",38.0303427,-78.4779714
Chat's Liquor,off,Chardonnay,12/19,"503 8th St SE, Washington, DC 20003",38.8825132,-76.9952785
Buck's Fishing,on,Rosé,5/20,"5031 Connecticut Ave NW, Washington, DC 20008",38.955832,-77.0698701
Little Red Fox,on/off,Rosé,2/20,"5035 Connecticut Ave. NW, Washington, DC 20008",38.9558822,-77.0699601
Little Red Fox,on/off,Eluvium,12/19,"5035 Connecticut Ave. NW, Washington, DC 20008",38.9558822,-77.0699601
C&O Restaurant,on,Foothills,3/20,"515 E Water St, Charlottesville, VA 22902",38.0290618,-78.4782802
C&O Restaurant,on,Foothills,2/20,"515 E Water St, Charlottesville, VA 22902",38.0290618,-78.4782802
C&O Restaurant,on,Foothills,2/20,"515 E Water St, Charlottesville, VA 22902",38.0290618,-78.4782802
C&O Restaurant,on,Foothills,2/20,"515 E Water St, Charlottesville, VA 22902",38.0290618,-78.4782802
C&O Restaurant,on,Foothills,1/20,"515 E Water St, Charlottesville, VA 22902",38.0290618,-78.4782802
C&O Restaurant,on,Foothills,1/20,"515 E Water St, Charlottesville, VA 22902",38.0290618,-78.4782802
C&O Restaurant,on,Foothills,12/19,"515 E Water St, Charlottesville, VA 22902",38.0290618,-78.4782802
C&O Restaurant,on,Foothills,12/19,"515 E Water St, Charlottesville, VA 22902",38.0290618,-78.4782802
C&O Restaurant,on,Foothills,12/19,"515 E Water St, Charlottesville, VA 22902",38.0290618,-78.4782802
Paul's Discount Liquor,off,Eluvium,1/20,"5205 Wisconsin Ave NW, Washington, DC 20015",38.9574601,-77.0837433
Paul's Discount Liquor,off,Foothills,12/19,"5205 Wisconsin Ave NW, Washington, DC 20015",38.9574601,-77.0837433
Paul's Discount Liquor,off,Petit Manseng,12/19,"5205 Wisconsin Ave NW, Washington, DC 20015",38.9574601,-77.0837433
Paul's Discount Liquor,off,Eluvium,12/19,"5205 Wisconsin Ave NW, Washington, DC 20015",38.9574601,-77.0837433
Amber Ox Kitchen & Brewery,on,Foothills,3/20,"521 Prince George St., Williamsburg, VA 23185",37.272864,-76.708414
Amber Ox Kitchen & Brewery,on,Foothills,3/20,"521 Prince George St., Williamsburg, VA 23185",37.272864,-76.708414
Amber Ox Kitchen & Brewery,on,Chardonnay,2/20,"521 Prince George St., Williamsburg, VA 23185",37.272864,-76.708414
Amber Ox Kitchen & Brewery,on,Chardonnay,2/20,"521 Prince George St., Williamsburg, VA 23185",37.272864,-76.708414
Amber Ox Kitchen & Brewery,on,Foothills,2/20,"521 Prince George St., Williamsburg, VA 23185",37.272864,-76.708414
Amber Ox Kitchen & Brewery,on,Chardonnay,2/20,"521 Prince George St., Williamsburg, VA 23185",37.272864,-76.708414
Amber Ox Kitchen & Brewery,on,Foothills,1/20,"521 Prince George St., Williamsburg, VA 23185",37.272864,-76.708414
Amber Ox Kitchen & Brewery,on,Chardonnay,1/20,"521 Prince George St., Williamsburg, VA 23185",37.272864,-76.708414
Amber Ox Kitchen & Brewery,on,Chardonnay,1/20,"521 Prince George St., Williamsburg, VA 23185",37.272864,-76.708414
Amber Ox Kitchen & Brewery,on,Foothills,1/20,"521 Prince George St., Williamsburg, VA 23185",37.272864,-76.708414
Amber Ox Kitchen & Brewery,on,Chardonnay,12/19,"521 Prince George St., Williamsburg, VA 23185",37.272864,-76.708414
Amber Ox Kitchen & Brewery,on,Foothills,12/19,"521 Prince George St., Williamsburg, VA 23185",37.272864,-76.708414
Amber Ox Kitchen & Brewery,on,Chardonnay,12/19,"521 Prince George St., Williamsburg, VA 23185",37.272864,-76.708414
Amber Ox Kitchen & Brewery,on,Foothills,12/19,"521 Prince George St., Williamsburg, VA 23185",37.272864,-76.708414
Amber Ox Kitchen & Brewery,on,Foothills,12/19,"521 Prince George St., Williamsburg, VA 23185",37.272864,-76.708414
Amber Ox Kitchen & Brewery,on,Chardonnay,12/19,"521 Prince George St., Williamsburg, VA 23185",37.272864,-76.708414
Prosperity Kitchen & Pantry,on,Foothills,4/20,"532 Virginia Beach Blvd Ste B, Virginia Beach, VA 23451",36.8444829,-75.9806406
Prosperity Kitchen & Pantry,on,Foothills,4/20,"532 Virginia Beach Blvd Ste B, Virginia Beach, VA 23451",36.8444829,-75.9806406
Prosperity Kitchen & Pantry,on,Foothills,3/20,"532 Virginia Beach Blvd Ste B, Virginia Beach, VA 23451",36.8444829,-75.9806406
Prosperity Kitchen & Pantry,on,Foothills,2/20,"532 Virginia Beach Blvd Ste B, Virginia Beach, VA 23451",36.8444829,-75.9806406
Prosperity Kitchen & Pantry,on,RISE,1/20,"532 Virginia Beach Blvd Ste B, Virginia Beach, VA 23451",36.8444829,-75.9806406
Prosperity Kitchen & Pantry,on,Eluvium,12/19,"532 Virginia Beach Blvd Ste B, Virginia Beach, VA 23451",36.8444829,-75.9806406
Savannah Wine Cellar,On,Foothills,5/20,"5500 Abercorn St, Savannah, GA 31405",32.0229174,-81.109395
Savannah Wine Cellar,on/off,RISE,2/20,"5500 Abercorn St, Savannah, GA 31405",32.0229174,-81.109395
Savannah Wine Cellar,on/off,Quaker Run Chardonnay,12/19,"5500 Abercorn St, Savannah, GA 31405",32.0229174,-81.109395
Savannah Wine Cellar,on/off,RISE,3/20,"5501 Abercorn St, Savannah, GA 31405",32.0268411,-81.1098674
Savannah Wine Cellar,on/off,Eluvium,1/20,"5501 Abercorn St, Savannah, GA 31405",32.0229174,-81.109395
Savannah Wine Cellar,on/off,Foothills,2/20,"5502 Abercorn St, Savannah, GA 31405",32.0229174,-81.109395
Clay Restaurant,on,Shenandoah Valley Cabernet Franc,2/20,"553 Manhattan Ave , Manhattan, NY 10027",40.809486,-73.9538229
Clay Restaurant,on,Chardonnay,2/20,"553 Manhattan Ave , Manhattan, NY 10027",40.809486,-73.9538229
Taste - Westhampton,on/off,Chardonnay,2/20,"5706 Grove Ave Ste 100, Richmond, VA 23226",37.5732828,-77.5173888
Taste - Westhampton,on/off,Eluvium,2/20,"5706 Grove Ave Ste 100, Richmond, VA 23226",37.5732828,-77.5173888
Taste - Westhampton,on/off,Shenandoah Valley Cabernet Franc,1/20,"5706 Grove Ave Ste 100, Richmond, VA 23226",37.5732828,-77.5173888
Taste - Westhampton,on/off,Rosé,5/20,"5706 Grove Ave Ste 100, Richmond, VA 23226-2346",37.5732828,-77.5173888
Taste - Westhampton,on/off,Rosé,4/20,"5706 Grove Ave Ste 100, Richmond, VA 23226-2346",37.5732828,-77.5173888
J Emerson,off,Rosé,5/20,"5716 Grove Ave, Richmond, VA 23226",37.5733362,-77.5180274
J Emerson,off,Pétillant Naturel White,5/20,"5716 Grove Ave, Richmond, VA 23226",37.5733362,-77.5180274
J Emerson,off,Rosé,4/20,"5716 Grove Ave, Richmond, VA 23226",37.5733362,-77.5180274
J Emerson,off,Rosé,4/20,"5716 Grove Ave, Richmond, VA 23226",37.5733362,-77.5180274
J Emerson,off,Foothills,4/20,"5716 Grove Ave, Richmond, VA 23226",37.5733362,-77.5180274
J Emerson,off,Rosé,4/20,"5716 Grove Ave, Richmond, VA 23226",37.5733362,-77.5180274
J Emerson,off,Foothills,3/20,"5716 Grove Ave, Richmond, VA 23226",37.5733362,-77.5180274
J Emerson,off,Foothills,3/20,"5716 Grove Ave, Richmond, VA 23226",37.5733362,-77.5180274
J Emerson,off,Foothills,3/20,"5716 Grove Ave, Richmond, VA 23226",37.5733362,-77.5180274
J Emerson,off,Foothills,3/20,"5716 Grove Ave, Richmond, VA 23226",37.5733362,-77.5180274
J Emerson,off,Foothills,3/20,"5716 Grove Ave, Richmond, VA 23226",37.5733362,-77.5180274
J Emerson,off,Foothills,2/20,"5716 Grove Ave, Richmond, VA 23226",37.5733362,-77.5180274
J Emerson,off,Chardonnay,2/20,"5716 Grove Ave, Richmond, VA 23226",37.5733362,-77.5180274
J Emerson,off,Foothills,1/20,"5716 Grove Ave, Richmond, VA 23226",37.5733362,-77.5180274
J Emerson,off,Foothills,1/20,"5716 Grove Ave, Richmond, VA 23226",37.5733362,-77.5180274
J Emerson,off,Eluvium,12/19,"5716 Grove Ave, Richmond, VA 23226",37.5733362,-77.5180274
J Emerson,off,Foothills,12/19,"5716 Grove Ave, Richmond, VA 23226",37.5733362,-77.5180274
Barrel Thief,on/off,Foothills,5/20,"5805 Patterson Ave, Richmond, VA 23226",37.2235279,-79.982868
Barrel Thief,on/off,Foothills,5/20,"5805 Patterson Ave, Richmond, VA 23226",37.2235279,-79.982868
Barrel Thief,on/off,Rosé,5/20,"5805 Patterson Ave, Richmond, VA 23226",37.2235279,-79.982868
Barrel Thief,on/off,Rosé,5/20,"5805 Patterson Ave, Richmond, VA 23226",37.2235279,-79.982868
Barrel Thief,on/off,Rosé,5/20,"5805 Patterson Ave, Richmond, VA 23226",37.2235279,-79.982868
Barrel Thief,on/off,Foothills,5/20,"5805 Patterson Ave, Richmond, VA 23226",37.2235279,-79.982868
Barrel Thief,on/off,Rosé,5/20,"5805 Patterson Ave, Richmond, VA 23226",37.2235279,-79.982868
Barrel Thief,on/off,Rosé,4/20,"5805 Patterson Ave, Richmond, VA 23226",37.2235279,-79.982868
Barrel Thief,on/off,Rosé,4/20,"5805 Patterson Ave, Richmond, VA 23226",37.2235279,-79.982868
Barrel Thief,on/off,Foothills,4/20,"5805 Patterson Ave, Richmond, VA 23226",37.2235279,-79.982868
Barrel Thief,on/off,Rosé,4/20,"5805 Patterson Ave, Richmond, VA 23226",37.2235279,-79.982868
Barrel Thief,on/off,Rosé,4/20,"5805 Patterson Ave, Richmond, VA 23226",37.2235279,-79.982868
Barrel Thief,on/off,Rosé,3/20,"5805 Patterson Ave, Richmond, VA 23226",37.2235279,-79.982868
Barrel Thief,on/off,Foothills,3/20,"5805 Patterson Ave, Richmond, VA 23226",37.2235279,-79.982868
Barrel Thief,on/off,Rosé,3/20,"5805 Patterson Ave, Richmond, VA 23226",37.2235279,-79.982868
Barrel Thief,on/off,Rosé,3/20,"5805 Patterson Ave, Richmond, VA 23226",37.2235279,-79.982868
Barrel Thief,on/off,Rosé,3/20,"5805 Patterson Ave, Richmond, VA 23226",37.2235279,-79.982868
Barrel Thief,on/off,Foothills,2/20,"5805 Patterson Ave, Richmond, VA 23226",37.2235279,-79.982868
Barrel Thief,on/off,Foothills,2/20,"5805 Patterson Ave, Richmond, VA 23226",37.2235279,-79.982868
Barrel Thief,on/off,Chardonnay,12/19,"5805 Patterson Ave, Richmond, VA 23226",37.2235279,-79.982868
Barrel Thief,on/off,Foothills,12/19,"5805 Patterson Ave, Richmond, VA 23226",37.2235279,-79.982868
Barrel Thief,on/off,Foothills,12/19,"5805 Patterson Ave, Richmond, VA 23226",37.2235279,-79.982868
Barrel Thief,on/off,Foothills,12/19,"5805 Patterson Ave, Richmond, VA 23226",37.2235279,-79.982868
Vyne Yard,off,Rosé,5/20,"594 Rogers Ave, Brooklyn, NY 11225",40.6571942,-73.9534567
Grape D'Vine,off,Foothills,12/19,"6 Depot Square, Sparkill, NY 10976",41.0300375,-73.928657
Balducci's - Alexandria,off,Chardonnay,3/20,"600 Franklin St, Alexandria, VA 22314",38.7978102,-77.0479011
Balducci's - Alexandria,off,Rosé,3/20,"600 Franklin St, Alexandria, VA 22314",38.7978102,-77.0479011
Balducci's - Alexandria,Off,Shenandoah Valley Cabernet Franc,12/19,"600 Franklin St, Alexandria, VA 22314",38.7978102,-77.0479011
Balducci's - Alexandria,Off,Young Wine Chambourcin,12/19,"600 Franklin St, Alexandria, VA 22314",38.7978102,-77.0479011
Balducci's - Alexandria,Off,Chardonnay,12/19,"600 Franklin St, Alexandria, VA 22314",38.7978102,-77.0479011
Balducci's - Alexandria,Off,RISE,12/19,"600 Franklin St, Alexandria, VA 22314",38.7978102,-77.0479011
Balducci's - Alexandria,Off,RISE,12/19,"600 Franklin St, Alexandria, VA 22314",38.7978102,-77.0479011
Whole Foods - H Street,on/off,Foothills,4/20,"600-A H Street, NE, Washington, DC 20002",38.9005142,-76.9976267
Whole Foods - H Street,on/off,Rosé,4/20,"600-A H Street, NE, Washington, DC 20002",38.9005142,-76.9976267
Whole Foods - H Street,on/off,Foothills,3/20,"600-A H Street, NE, Washington, DC 20002",38.9005142,-76.9976267
Whole Foods - H Street,on/off,Rosé,3/20,"600-A H Street, NE, Washington, DC 20002",38.9005142,-76.9976267
Whole Foods - H Street,on/off,Foothills,2/20,"600-A H Street, NE, Washington, DC 20002",38.9005142,-76.9976267
Roosevelt,on,Foothills,4/20,"623 N. 25th St., Richmond, VA 23223",37.534897,-77.4154189
Roosevelt,on,Foothills,2/20,"623 N. 25th St., Richmond, VA 23223",37.534897,-77.4154189
Roosevelt,on,Five Forks,1/20,"623 N. 25th St., Richmond, VA 23223",37.534897,-77.4154189
Roosevelt,on,Foothills,1/20,"623 N. 25th St., Richmond, VA 23223",37.534897,-77.4154189
Roosevelt,on,Foothills,1/20,"623 N. 25th St., Richmond, VA 23223",37.534897,-77.4154189
Roosevelt,on,Five Forks,12/19,"623 N. 25th St., Richmond, VA 23223",37.534897,-77.4154189
Wardman Wines,off,Rosé,4/20,"625 Monroe St. NE, Ste.#A7, Washington, DC 20007",38.9318318,-76.9971246
Wardman Wines,off,Pétillant Naturel Red,3/20,"625 Monroe St. NE, Ste.#A7, Washington, DC 20007",38.9318318,-76.9971246
Press 626,on/off,Rosé,3/20,"626 West Olney Rd., Norfolk, VA 23507",36.8605378,-76.2996588
High Street on Hudson,on,Young Wine Chambourcin,3/20,"637 Hudson St, Manhattan, NY 10014",40.7388972,-74.0057401
High Street on Hudson,on,Foothills,12/19,"637 Hudson St, Manhattan, NY 10014",40.7388972,-74.0057401
Olmsted,on,Foothills,1/20,"659 Vanderbilt Ave, Brooklyn, NY 11238",40.677064,-73.9687578
Olmsted,On,Foothills,12/19,"659 Vanderbilt Ave, Brooklyn, NY 11238",40.677064,-73.9687578
Olmsted,On,Foothills,12/19,"659 Vanderbilt Ave, Brooklyn, NY 11238",40.677064,-73.9687578
Olmsted,On,Chardonnay,12/19,"659 Vanderbilt Ave, Brooklyn, NY 11238",40.677064,-73.9687578
Hazel Jane's,on ,Petit Manseng,3/20,"670 Dekalb Ave, Atlanta, GA 30307",33.7535491,-84.3655673
Hazel Jane's,On,Rosé,2/20,"670 Dekalb Ave, Atlanta, GA 30307",33.7535491,-84.3655673
Hazel Jane's,On,Shenandoah Valley Cabernet Franc,1/20,"670 Dekalb Ave, Atlanta, GA 30307",33.7535491,-84.3655673
Greenwood,off,Pétillant Naturel White,5/20,"6701 Rockfish Gap TPK, Crozet, VA 22932",38.0413202,-78.732343
Greenwood,off,Young Wine Chambourcin,5/20,"6701 Rockfish Gap TPK, Crozet, VA 22932",38.0413202,-78.732343
Greenwood,off,Rosé,4/20,"6701 Rockfish Gap TPK, Crozet, VA 22932",38.0413202,-78.732343
Greenwood,off,Chardonnay,4/20,"6701 Rockfish Gap TPK, Crozet, VA 22932",38.0413202,-78.732343
Greenwood,off,Rosé,4/20,"6701 Rockfish Gap TPK, Crozet, VA 22932",38.0413202,-78.732343
Greenwood,off,Quaker Run Chardonnay,2/20,"6701 Rockfish Gap TPK, Crozet, VA 22932",38.0413202,-78.732343
Greenwood,off,Chardonnay,2/20,"6701 Rockfish Gap TPK, Crozet, VA 22932",38.0413202,-78.732343
Greenwood,off,Foothills,2/20,"6701 Rockfish Gap TPK, Crozet, VA 22932",38.0413202,-78.732343
Greenwood,off,Foothills,2/20,"6701 Rockfish Gap TPK, Crozet, VA 22932",38.0413202,-78.732343
Greenwood,off,Chardonnay,1/20,"6701 Rockfish Gap TPK, Crozet, VA 22932",38.0413202,-78.732343
Greenwood,off,Shenandoah Valley Cabernet Franc,12/19,"6701 Rockfish Gap TPK, Crozet, VA 22932",38.0413202,-78.732343
Greenwood,off,Foothills,12/19,"6701 Rockfish Gap TPK, Crozet, VA 22932",38.0413202,-78.732343
Greenwood,off,Shenandoah Valley Cabernet Franc,12/19,"6701 Rockfish Gap TPK, Crozet, VA 22932",38.0413202,-78.732343
Greenwood,off,Shenandoah Valley Cabernet Franc,12/19,"6701 Rockfish Gap TPK, Crozet, VA 22932",38.0413202,-78.732343
Organic Butcher of McLean,off,Shenandoah Valley Cabernet Franc,3/20,"6712 Old Dominion Drive, McLean, VA 22101",38.9335412,-77.1758584
Organic Butcher of McLean,off,RISE,3/20,"6712 Old Dominion Drive, McLean, VA 22101",38.9335412,-77.1758584
Organic Butcher of McLean,off,Foothills,3/20,"6712 Old Dominion Drive, McLean, VA 22101",38.9335412,-77.1758584
Organic Butcher of McLean,off,Foothills,3/20,"6712 Old Dominion Drive, McLean, VA 22101",38.9335412,-77.1758584
Organic Butcher of McLean,off,Eluvium,2/20,"6712 Old Dominion Drive, McLean, VA 22101",38.9335412,-77.1758584
Organic Butcher of McLean,off,Quaker Run Chardonnay,1/20,"6712 Old Dominion Drive, McLean, VA 22101",38.9335412,-77.1758584
Organic Butcher of McLean,off,Foothills,1/20,"6712 Old Dominion Drive, McLean, VA 22101",38.9335412,-77.1758584
Organic Butcher of McLean,off,Eluvium,12/19,"6712 Old Dominion Drive, McLean, VA 22101",38.9335412,-77.1758584
Organic Butcher of McLean,off,Shenandoah Valley Cabernet Franc,12/19,"6712 Old Dominion Drive, McLean, VA 22101",38.9335412,-77.1758584
Organic Butcher of McLean,off,Shenandoah Valley Cabernet Franc,12/19,"6712 Old Dominion Drive, McLean, VA 22101",38.9335412,-77.1758584
Organic Butcher of McLean,off,Petit Manseng,12/19,"6712 Old Dominion Drive, McLean, VA 22101",38.9335412,-77.1758584
Organic Butcher of McLean,off,Rosé,12/19,"6712 Old Dominion Drive, McLean, VA 22101",38.9335412,-77.1758584
Organic Butcher of McLean,off,Rosé,5/20,"6712 Old Dominion Drive, McLean, VA 22101-3806",38.9335412,-77.1758584
Bon Ton,on,Rosé,3/20,"674 Myrtle Street NE , ATLANTA, GA 30308",33.7729895,-84.3804087
Bon Ton,On,Rosé,2/20,"674 Myrtle Street NE , ATLANTA, GA 30308",33.7729895,-84.3804087
Ashby Inn,on,Petit Manseng,2/20,"692 Federal St, Paris, VA 20130",39.0045423,-77.951727
Ashby Inn,on,Eluvium,2/20,"692 Federal St, Paris, VA 20130",39.0045423,-77.951727
Rose's at Home,on,Foothills,3/20,"731 8th Street SE, Washington, DC 20003",38.8801665,-76.9953797
Whole Foods - Tysons,on/off,Foothills,2/20,"7511 Leesburg Pike, Falls Church, VA 22043",38.903442,-77.2044823
Wine Cellar- Staunton,off,Shenandoah Valley Cabernet Franc,2/20,"8 Byers St., Staunton, VA 24401",38.1477303,-79.0727371
Wine Cellar- Staunton,off,Foothills,1/20,"8 Byers St., Staunton, VA 24401",38.1477303,-79.0727371
Wine Cellar- Staunton,off,Chardonnay,1/20,"8 Byers St., Staunton, VA 24401",38.1477303,-79.0727371
Wine Cellar- Staunton,off,Eluvium,1/20,"8 Byers St., Staunton, VA 24401",38.1477303,-79.0727371
Wine Cellar- Staunton,off,Foothills,1/20,"8 Byers St., Staunton, VA 24401",38.1477303,-79.0727371
Heirloom Café,On,Rosé,5/20,"815 N Chase St, Athens, GA 30601",33.9663133,-83.3931064
Heirloom Cafe,on,Rosé,2/20,"815 N Chase St, Athens, GA 30601",33.9663133,-83.3931064
Heirloom Cafe,on ,Petit Manseng,2/20,"815 N Chase St, Athens, GA 30601",33.9663133,-83.3931064
Heirloom Cafe,on,Petit Manseng,2/20,"815 N Chase St, Athens, GA 30601",33.9663133,-83.3931064
"Local, The",on,Shenandoah Valley Cabernet Franc,2/20,"824 Hinton Ave, Charlottesville, VA 22901",38.0244641,-78.4755275
Parc de Ville,on,Young Wine Chambourcin,12/19,"8296 Glass Alley, Ste 110, Fairfax, VA 22031",38.8736703,-77.2304951
Hill of Content,on,Chardonnay,2/20,"833 Tinsley Dr,, Charlottesville, VA 22732",38.3228389,-78.1944651
Hill of Content,on,Chardonnay,2/20,"833 Tinsley Dr,, Charlottesville, VA 22732",38.3228389,-78.1944651
Hill of Content,on,Shenandoah Valley Cabernet Franc,2/20,"833 Tinsley Dr,, Charlottesville, VA 22732",38.3228389,-78.1944651
Hill of Content,on,Chardonnay,2/20,"833 Tinsley Dr,, Charlottesville, VA 22732",38.3228389,-78.1944651
Field & Main,on/off,Rosé,2/20,"8369 W. Main St., Marshall, VA 20115",38.8647631,-77.8574303
Field & Main,on/off,Foothills,1/20,"8369 W. Main St., Marshall, VA 20115",38.8647631,-77.8574303
Whole Foods - Springfield,on/off,Foothills,3/20,"8402 Old Keene Mill Road, Springfield, VA 22152",38.7796348,-77.2343247
Whole Foods - Springfield,on/off,Foothills,3/20,"8402 Old Keene Mill Road, Springfield, VA 22152",38.7796348,-77.2343247
Enologo,on,Foothills,2/20,"857 9th Ave, Manhattan, NY 10019",40.7671347,-73.986653
Enologo,on,Foothills,1/20,"857 9th Ave, Manhattan, NY 10019",40.7671347,-73.986653
Washington Street Purveyors,off,Chardonnay,4/20,"9 E Washington St, Lexington, VA 24450",37.7845823,-79.441534
Riggs Hotel DC,on,Five Forks,1/20,"900 F St NW, Washington, DC 20004",38.8971417,-77.0243762
Olivino,off,Rosé,1/20,"905 Fulton Street , Brooklyn, NY 11238",40.6837237,-73.9671635
Olivino,off,Chardonnay,1/20,"905 Fulton Street , Brooklyn, NY 11238",40.6837237,-73.9671635
Succotash,on,Foothills,1/20,"915 F St. NW, Washington, DC 20004",38.897644,-77.02474
Public Square,Off ,Foothills,12/19,"92 N Public Square, Jefferson, GA 30549",34.1178855,-83.5729874
Mona Lisa,off,Young Wine Chambourcin,5/20,"921 Preston Ave, Charlottesville, VA 22903",38.038434,-78.489901
Mona Lisa,off,Rosé,5/20,"921 Preston Ave, Charlottesville, VA 22903",38.038434,-78.489901
Mona Lisa,off,Foothills,4/20,"921 Preston Ave, Charlottesville, VA 22903",38.038434,-78.489901
Mona Lisa,off,Rosé,4/20,"921 Preston Ave, Charlottesville, VA 22903",38.038434,-78.489901
Mona Lisa,off,Shenandoah Valley Cabernet Franc,4/20,"921 Preston Ave, Charlottesville, VA 22903",38.038434,-78.489901
Mona Lisa,off,Petit Manseng,3/20,"921 Preston Ave, Charlottesville, VA 22903",38.038434,-78.489901
Mona Lisa,off,Foothills,3/20,"921 Preston Ave, Charlottesville, VA 22903",38.038434,-78.489901
Mona Lisa,off,Eluvium,3/20,"921 Preston Ave, Charlottesville, VA 22903",38.038434,-78.489901
Mona Lisa,off,Foothills,2/20,"921 Preston Ave, Charlottesville, VA 22903",38.038434,-78.489901
Mona Lisa,off,Shenandoah Valley Cabernet Franc,2/20,"921 Preston Ave, Charlottesville, VA 22903",38.038434,-78.489901
Mona Lisa,off,Rosé,12/19,"921 Preston Ave, Charlottesville, VA 22903",38.038434,-78.489901
Mona Lisa,off,Foothills,12/19,"921 Preston Ave, Charlottesville, VA 22903",38.038434,-78.489901
Racines,on,Chardonnay,12/19,"94 Chambers St, Manhattan, NY 10007",40.7145903,-74.0075468
Please Bring Chips,on,Shenandoah Valley Cabernet Franc,2/20,"951 V St. NE, Washington, DC 20018",38.9171218,-76.9916225
Newtown Baking,off,Foothills,5/20,"960 W Beverlely Street, Staunton, VA 244001",38.1496916,-79.0738108
Hot Cakes,off,Rosé,12/19,"Barracks Road Shopping Center, Charlottesville, VA 22903",38.0528154,-78.5012568
Montgomery Co. Dept. of Liquor Control,off,Rosé,4/20,"Division of Financial, Gaithersburg, MD 20878",39.139876,-77.1926495
Planet Wine,off,Petit Manseng,12/19,"Evening Star Cafe/Daily Planet, Alexandria, VA 22301",38.8239944,-77.0585361
Now & Zen,on,Rosé,2/20,"Pinnacle Planning Inc, Charlottesville, VA 22902",37.99295,-78.502142
Fat Canary,on,Foothills,5/20,"The Cheese Shop of VA, Inc., Williamsburg, VA 23185",37.2706994,-76.7061859
Fat Canary,on,Rosé,5/20,"The Cheese Shop of VA, Inc., Williamsburg, VA 23185",37.2706994,-76.7061859
Fat Canary,on,Foothills,3/20,"The Cheese Shop of VA, Inc., Williamsburg, VA 23185",37.2706994,-76.7061859
Fat Canary,on,Foothills,3/20,"The Cheese Shop of VA, Inc., Williamsburg, VA 23185",37.2706994,-76.7061859
Fat Canary,on,Eluvium,2/20,"The Cheese Shop of VA, Inc., Williamsburg, VA 23185",37.2706994,-76.7061859
Fat Canary,on,Shenandoah Valley Cabernet Franc,2/20,"The Cheese Shop of VA, Inc., Williamsburg, VA 23185",37.2706994,-76.7061859
Fat Canary,on,Foothills,2/20,"The Cheese Shop of VA, Inc., Williamsburg, VA 23185",37.2706994,-76.7061859
Fat Canary,on,Foothills,1/20,"The Cheese Shop of VA, Inc., Williamsburg, VA 23185",37.2706994,-76.7061859
Fat Canary,on,Foothills,1/20,"The Cheese Shop of VA, Inc., Williamsburg, VA 23185",37.2706994,-76.7061859
Fat Canary,on,Pétillant Naturel Red,1/20,"The Cheese Shop of VA, Inc., Williamsburg, VA 23185",37.2706994,-76.7061859
Fat Canary,on,Foothills,1/20,"The Cheese Shop of VA, Inc., Williamsburg, VA 23185",37.2706994,-76.7061859
Fat Canary,on,Pétillant Naturel Red,1/20,"The Cheese Shop of VA, Inc., Williamsburg, VA 23185",37.2706994,-76.7061859
Fat Canary,on,Young Wine Chambourcin,1/20,"The Cheese Shop of VA, Inc., Williamsburg, VA 23185",37.2706994,-76.7061859
Fat Canary,on,Shenandoah Valley Cabernet Franc,12/19,"The Cheese Shop of VA, Inc., Williamsburg, VA 23185",37.2706994,-76.7061859
Fat Canary,on,Eluvium,12/19,"The Cheese Shop of VA, Inc., Williamsburg, VA 23185",37.2706994,-76.7061859
Fat Canary,on,Foothills,12/19,"The Cheese Shop of VA, Inc., Williamsburg, VA 23185",37.2706994,-76.7061859
Fat Canary,on,Young Wine Chambourcin,12/19,"The Cheese Shop of VA, Inc., Williamsburg, VA 23185",37.2706994,-76.7061859
Fat Canary,on,Foothills,12/19,"The Cheese Shop of VA, Inc., Williamsburg, VA 23185",37.2706994,-76.7061859
Fat Canary,on,Pétillant Naturel Red,12/19,"The Cheese Shop of VA, Inc., Williamsburg, VA 23185",37.2706994,-76.7061859
Fat Canary,on,Foothills,12/19,"The Cheese Shop of VA, Inc., Williamsburg, VA 23185",37.2706994,-76.7061859
Fat Canary,on,Shenandoah Valley Cabernet Franc,12/19,"The Cheese Shop of VA, Inc., Williamsburg, VA 23185",37.2706994,-76.7061859
Fat Canary,on,Foothills,12/19,"The Cheese Shop of VA, Inc., Williamsburg, VA 23185",37.2706994,-76.7061859
Fat Canary,on,Young Wine Chambourcin,12/19,"The Cheese Shop of VA, Inc., Williamsburg, VA 23185",37.2706994,-76.7061859
Thornton River Grille,on,Rosé,5/20,"Thornton River Grille, Sperryville, VA 22740",38.6525114,-78.2667447
Thornton River Grille,on,Chardonnay,4/20,"Thornton River Grille, Sperryville, VA 22740",38.6525114,-78.2667447
Thornton River Grille,on,Petit Manseng,4/20,"Thornton River Grille, Sperryville, VA 22740",38.6525114,-78.2667447
Thornton River Grille,on,Foothills,4/20,"Thornton River Grille, Sperryville, VA 22740",38.6525114,-78.2667447
Thornton River Grille,on,Rosé,4/20,"Thornton River Grille, Sperryville, VA 22740",38.6525114,-78.2667447
Thornton River Grille,on,Foothills,3/20,"Thornton River Grille, Sperryville, VA 22740",38.6525114,-78.2667447
Thornton River Grille,on,Foothills,3/20,"Thornton River Grille, Sperryville, VA 22740",38.6525114,-78.2667447
Thornton River Grille,on,Foothills,3/20,"Thornton River Grille, Sperryville, VA 22740",38.6525114,-78.2667447
Thornton River Grille,on,Chardonnay,3/20,"Thornton River Grille, Sperryville, VA 22740",38.6525114,-78.2667447
Thornton River Grille,on,Rosé,2/20,"Thornton River Grille, Sperryville, VA 22740",38.6525114,-78.2667447
Thornton River Grille,on,Chardonnay,12/19,"Thornton River Grille, Sperryville, VA 22740",38.6525114,-78.2667447
Thornton River Grille,on,Foothills,12/19,"Thornton River Grille, Sperryville, VA 22740",38.6525114,-78.2667447
